id	nombre	nombre_usuario	email	password
1	Jule Frearson	jfrearson0	jfrearson0@i2i.jp	uN5!xiYkcP
2	Ansell Huyge	ahuyge1	ahuyge1@squarespace.com	oJ7?mC==Mb
3	Maude Gaiger	mgaiger2	mgaiger2@epa.gov	xX2,`sdjjp'ux|1a
4	Dolores Beevis	dbeevis3	dbeevis3@google.cn	uY2(rjs=&q
5	Abigail Mound	amound4	amound4@examiner.com	pU1%O/Ra@nX\z
6	Rosina Giacomello	rgiacomello5	rgiacomello5@walmart.com	tW0>@my5
7	Alberta Wilsey	awilsey6	awilsey6@so-net.ne.jp	pC8,`f2n.6Y4
8	Casie Robard	crobard7	crobard7@army.mil	bZ5$L.BI=7yv
9	Anselm McGrudder	amcgrudder8	amcgrudder8@ask.com	bB6<O&K3f)Z>
10	Daveta Zorn	dzorn9	dzorn9@hubpages.com	dD4!'!l?9'E%Bc4
11	Darla Decaze	ddecazea	ddecazea@slideshare.net	iM4*1q|ODxS$
12	Franklyn Kesteven	fkestevenb	fkestevenb@cbsnews.com	cS0\F}/f3NAG
13	Arin Merricks	amerricksc	amerricksc@weibo.com	zZ1&~o5laiBju1
14	Johna Iacobacci	jiacobaccid	jiacobaccid@spotify.com	lT5_}~BlBz
15	Bengt Mackriell	bmackrielle	bmackrielle@rediff.com	aS4!=Fpeu.41
16	Alejandra Kagan	akaganf	akaganf@sfgate.com	mX5)JusC
17	Garret Carnachen	gcarnacheng	gcarnacheng@blogtalkradio.com	wU3>PJ0,*F\!rL
18	Piotr Jeskins	pjeskinsh	pjeskinsh@dmoz.org	mX6.tfl#
19	Martyn Fergyson	mfergysoni	mfergysoni@slashdot.org	bV4>619ul
20	Basilius Lilie	bliliej	bliliej@si.edu	qR7=*??jrcv
21	Patrizia Lipyeat	plipyeatk	plipyeatk@wired.com	wF0/4fh+F
22	Perkin Matteris	pmatterisl	pmatterisl@homestead.com	hS9!xFLw
23	Leeland Crilley	lcrilleym	lcrilleym@squidoo.com	iZ5*LwB$FRgovT
24	Glenda Tremblot	gtremblotn	gtremblotn@cdbaby.com	bM4<b'uYz
25	Cinderella Rainbow	crainbowo	crainbowo@ftc.gov	bV0.UTemOU
26	Cullin Benoist	cbenoistp	cbenoistp@sakura.ne.jp	rE5>IB*f0q
27	York Hunn	yhunnq	yhunnq@java.com	tU9@6='PnGDwm
28	Shaughn Jordine	sjordiner	sjordiner@bravesites.com	"kM7?E2=l""q%~"""
29	Barbi Abrahams	babrahamss	babrahamss@reddit.com	oU4<D8W&YAe#U71
30	Barnard Bonham	bbonhamt	bbonhamt@cargocollective.com	bK6)lsc98U9\zD
31	Guglielma Hamlett	ghamlettu	ghamlettu@theatlantic.com	cP4>}phuEvt!R
32	Obadiah Alcott	oalcottv	oalcottv@freewebs.com	yG7{)NkxsoM}M
33	Michel Seedman	mseedmanw	mseedmanw@google.de	"fT5""o9zR"
34	Arnie Shoebottom	ashoebottomx	ashoebottomx@google.it	eD4+*3s,~t1csY
35	Kelli Menilove	kmenilovey	kmenilovey@apple.com	tK4*`$}NEwNAvPVy
36	Coreen Keywood	ckeywoodz	ckeywoodz@tripod.com	hW8`.)uJ+_bxMT
37	Ricki Tidman	rtidman10	rtidman10@skype.com	tP1$4o5!86P8UYd_
38	Chantalle Rehor	crehor11	crehor11@google.cn	pQ9@Z&#iyrjfU7
39	Gottfried Lidgley	glidgley12	glidgley12@wordpress.com	"nW6}<""Hwh"
40	Lem Downgate	ldowngate13	ldowngate13@soup.io	xL1~dR.(4C
41	Horatius Burgess	hburgess14	hburgess14@ehow.com	wZ7!VKYD0QD_EQB
42	Denys Sonschein	dsonschein15	dsonschein15@bloglines.com	uF1@3f96<Gx!
43	Ellyn Sibylla	esibylla16	esibylla16@istockphoto.com	uF7_>EbKlf{+
44	Celeste De Ortega	cde17	cde17@elpais.com	qJ4?7,O'1L691%
45	Wilow Eronie	weronie18	weronie18@google.cn	iZ5!CC!&B@JPjK=
46	Roxie Sonschein	rsonschein19	rsonschein19@princeton.edu	rL3{/Gwdh(
47	Kerri Morratt	kmorratt1a	kmorratt1a@archive.org	hS3+MrGK/+zT
48	Huntlee Antonognoli	hantonognoli1b	hantonognoli1b@earthlink.net	sC0}&&gIz\Vz4<</
49	Bettine Denidge	bdenidge1c	bdenidge1c@mashable.com	"kP6""%FhW}}qtQw"
50	Cayla Leyrroyd	cleyrroyd1d	cleyrroyd1d@storify.com	eX7`~1Wwgt5s?5FP
51	Vera Iron	viron1e	viron1e@jiathis.com	cA0~A7Dk$
52	Domeniga Winger	dwinger1f	dwinger1f@cnbc.com	lN7$u#pDa#5|&GZO
53	Whitby Simanek	wsimanek1g	wsimanek1g@hud.gov	bO3|S/YxQ$O0
54	Pattie Korb	pkorb1h	pkorb1h@shinystat.com	fE9~5I8L<
55	Jacquette Marney	jmarney1i	jmarney1i@home.pl	"yO0_/e""d,a"
56	Swen Grimwade	sgrimwade1j	sgrimwade1j@soundcloud.com	pY2@@$2>C|DPdk*
57	Jeanelle Thridgould	jthridgould1k	jthridgould1k@boston.com	sT1>.H2*%
58	Stace Illes	silles1l	silles1l@bing.com	aK0?DGu%$W{6{
59	Janeczka Hylands	jhylands1m	jhylands1m@github.io	lI8?G'0m
60	Lillian Sisey	lsisey1n	lsisey1n@china.com.cn	cX5~`fn+?j
61	Cody Ritson	critson1o	critson1o@usatoday.com	nM7'2o7CsWOyDOBF
62	Rasia Enochsson	renochsson1p	renochsson1p@google.ru	jH1)6@1~/8(yzoR
63	Kelly Jedrzejczyk	kjedrzejczyk1q	kjedrzejczyk1q@un.org	"jD3!sxIPN8B""<eK"
64	Abagael Heaford	aheaford1r	aheaford1r@discovery.com	uW0?ORRn}7F?P
65	Ferdinand Blees	fblees1s	fblees1s@chicagotribune.com	yA1%z>wFrI
66	Gypsy Gabe	ggabe1t	ggabe1t@ocn.ne.jp	fS1&\t5Xr5m
67	Nerty Seczyk	nseczyk1u	nseczyk1u@intel.com	gA5<)!cU6A
68	Erna Tett	etett1v	etett1v@ameblo.jp	aM2}93nJ7crW
69	Vicky Lilford	vlilford1w	vlilford1w@pbs.org	eW5<~PfB&f#Y<>BO
70	Cayla Waggitt	cwaggitt1x	cwaggitt1x@walmart.com	yG5%`C!9<yW=9x6
71	Lowrance Keys	lkeys1y	lkeys1y@tamu.edu	"rD7|v1""g%$"
72	Reilly Joplin	rjoplin1z	rjoplin1z@constantcontact.com	oE1*JVOd7#e
73	Teddie Melvin	tmelvin20	tmelvin20@vk.com	tC4+!Ia8pI_6c#$Y
74	Maggie Blabey	mblabey21	mblabey21@newsvine.com	eJ5/|8q|eY.JW
75	Catarina Carle	ccarle22	ccarle22@naver.com	pO2<zZOIq|IU
76	Gerianne Yakovl	gyakovl23	gyakovl23@tinypic.com	sD9,|r,&p?
77	Barty Heggs	bheggs24	bheggs24@google.co.jp	zR4/G%GQX|
78	Elvera Clemot	eclemot25	eclemot25@cargocollective.com	oE9&~U%fDL6$/HH
79	Cosimo Parzizek	cparzizek26	cparzizek26@seattletimes.com	uP6/A}Lms$s
80	Sande O' Meara	so27	so27@abc.net.au	aC5$#)W?}|&fs
81	Gerhard McManus	gmcmanus28	gmcmanus28@alibaba.com	gF2|3<+{t$N*
82	Lauralee Curneen	lcurneen29	lcurneen29@sogou.com	tM1=~y9'$ThI6)
83	Carly Henbury	chenbury2a	chenbury2a@domainmarket.com	hV7{<`djt)`4xB
84	Tomlin Arrell	tarrell2b	tarrell2b@patch.com	gL8|CCKhRrp/,@o\
85	Edyth Yeoland	eyeoland2c	eyeoland2c@toplist.cz	"yV5|r""G*>mL\><"
86	Augy Powles	apowles2d	apowles2d@ehow.com	rL7.tD+FFrYd
87	Javier Northall	jnorthall2e	jnorthall2e@shareasale.com	vB0//IW<&
88	Yorgos Shrieves	yshrieves2f	yshrieves2f@reverbnation.com	"rB6!JG""wUD7~O&S{"
89	Fleming Saltman	fsaltman2g	fsaltman2g@ox.ac.uk	oW2&6r{#q2<Nu
90	Erny Montrose	emontrose2h	emontrose2h@phpbb.com	wT9({@wccil}%'X
91	Michel Winkworth	mwinkworth2i	mwinkworth2i@goo.ne.jp	fQ5_|Ti{RC}s\.*l
92	Halsey Crilley	hcrilley2j	hcrilley2j@businessweek.com	qD2<,YLg=ts
93	Em Steagall	esteagall2k	esteagall2k@bbb.org	aQ9`1sDR3
94	Jacquelyn Robecon	jrobecon2l	jrobecon2l@businesswire.com	sC1&dD'4sCota2Y
95	Monah Diack	mdiack2m	mdiack2m@ftc.gov	fF5_hr%jX
96	Pall Dunmore	pdunmore2n	pdunmore2n@wikimedia.org	oB2*hl(2v7d
97	Tatiania Whettleton	twhettleton2o	twhettleton2o@addtoany.com	eY5@M/6jhBnh8
98	Albertine Oakman	aoakman2p	aoakman2p@homestead.com	sE0|maR@D
99	Sileas Bruna	sbruna2q	sbruna2q@fastcompany.com	kG6?>K?s
100	Daria Robert	drobert2r	drobert2r@squarespace.com	"gR4'pL|rb<jr"">"
101	Grant Howis	ghowis2s	ghowis2s@paypal.com	jG6/REamZ=5!
102	Nettle Barthelmes	nbarthelmes2t	nbarthelmes2t@about.com	fZ3%=VGdJxp!J
103	Cornie Garnall	cgarnall2u	cgarnall2u@tinypic.com	dX7,Qktu+VN1
104	Arney Benka	abenka2v	abenka2v@ifeng.com	mN5*RqeA<L
105	Jeddy Pallasch	jpallasch2w	jpallasch2w@paginegialle.it	cQ8*|Vl4T|
106	Gothart Inglesent	ginglesent2x	ginglesent2x@com.com	vI7'<3raS<y
107	Kimmy Berringer	kberringer2y	kberringer2y@drupal.org	nG8's~El
108	Meggie Gulley	mgulley2z	mgulley2z@fotki.com	"hD4'K&4""o.Dv"
109	Lurlene Brushfield	lbrushfield30	lbrushfield30@latimes.com	vG5?v#{Yb&Qg9`A
110	Hazel O'Finan	hofinan31	hofinan31@abc.net.au	fR2+_(|>OcP
111	Tabor Martine	tmartine32	tmartine32@odnoklassniki.ru	iD9/<9~O/u+(DrQ
112	Nikki Dansie	ndansie33	ndansie33@slideshare.net	sX3{+`H%m)r2~1,
113	Merwyn Delagnes	mdelagnes34	mdelagnes34@i2i.jp	pT9.=prs
114	Sydney Rivers	srivers35	srivers35@blogs.com	cM4%'2HPfHI`w
115	Georgianna Lafontaine	glafontaine36	glafontaine36@wp.com	fF6/Y,M?+U}
116	Nels Bittlestone	nbittlestone37	nbittlestone37@forbes.com	uY8<lNdMzl,O_
117	Nahum Barenskie	nbarenskie38	nbarenskie38@msu.edu	tF4>mlFl$y{`S70y
118	Ogdan Nuzzi	onuzzi39	onuzzi39@chronoengine.com	lI8#bFs#$C#QA
119	Birk Calbaithe	bcalbaithe3a	bcalbaithe3a@360.cn	qB4&tqYG8c'9)`j
120	Ulrika Kunert	ukunert3b	ukunert3b@wiley.com	oO3}aGds
121	Lonnie Halliday	lhalliday3c	lhalliday3c@mlb.com	oK5%`tL%Cq
122	Bennie Simek	bsimek3d	bsimek3d@example.com	gQ6%`T<wa<
123	Dal Pressland	dpressland3e	dpressland3e@ebay.co.uk	eJ7$9h',t@=qnb
124	Annabella Tindall	atindall3f	atindall3f@friendfeed.com	hQ0_DWY/Mf%2.
125	Gerrie Pierrepont	gpierrepont3g	gpierrepont3g@berkeley.edu	aG6\J%'$?y
126	Chloette Ballantine	cballantine3h	cballantine3h@sina.com.cn	zN2_rObDI
127	Feodora Fendley	ffendley3i	ffendley3i@hostgator.com	gP1$SVD/97jLu6j
128	Frederique Frostick	ffrostick3j	ffrostick3j@netvibes.com	iZ0@DgZ5Fz49
129	Corabel Fenner	cfenner3k	cfenner3k@cornell.edu	qV8<S2//g
130	Ethelind Bohling	ebohling3l	ebohling3l@nba.com	tO2#=j&b
131	Cull Carwithen	ccarwithen3m	ccarwithen3m@wikipedia.org	mR1\J\Rlb5!
132	Mendie Tumility	mtumility3n	mtumility3n@sbwire.com	bE3!p'KJLVUzecJ
133	Ninon Pietron	npietron3o	npietron3o@google.es	mU4<!gVxKB
134	Matthew Korejs	mkorejs3p	mkorejs3p@constantcontact.com	lF8$106JbAEN?Iqh
135	Maynard Haggas	mhaggas3q	mhaggas3q@histats.com	lC1$\'emjv.
136	Queenie Presshaugh	qpresshaugh3r	qpresshaugh3r@over-blog.com	lI7\z4~AJ
137	Feodora Leonards	fleonards3s	fleonards3s@oakley.com	bW8+Med|0
138	Erin Clatworthy	eclatworthy3t	eclatworthy3t@amazon.co.uk	iE3|9S}8XdS
139	Arielle Heibel	aheibel3u	aheibel3u@examiner.com	aE1!bxChoeuo
140	Yule Gillino	ygillino3v	ygillino3v@quantcast.com	tM8&ax.ScJSlJ0bC
141	Elissa MacFall	emacfall3w	emacfall3w@redcross.org	"sP4#)""Q='uHoq"
142	Wynne Ferrant	wferrant3x	wferrant3x@microsoft.com	iD8/sH8`*A
143	Lars Pimmocke	lpimmocke3y	lpimmocke3y@pagesperso-orange.fr	wV9}Jq,btsx/y|
144	Julianne Alexandrescu	jalexandrescu3z	jalexandrescu3z@xrea.com	dE7*,`\|>f3
145	Reggis Provis	rprovis40	rprovis40@epa.gov	sA9'!'*06wSJ
146	Stacy Guarin	sguarin41	sguarin41@typepad.com	hO7}yP{9
147	Isidora Dockrey	idockrey42	idockrey42@yolasite.com	eV0?iyR,=PcN_S
148	Evered Melhuish	emelhuish43	emelhuish43@vk.com	vB2&2L(>YzQ+4
149	Immanuel Lipyeat	ilipyeat44	ilipyeat44@yahoo.co.jp	sU8$vq#8#5
150	Hieronymus Fockes	hfockes45	hfockes45@goo.ne.jp	vP0{Sh*BN>MX~7
151	Asa Lowdham	alowdham46	alowdham46@weibo.com	tW5!B0>|85
152	Ileane Hopewell	ihopewell47	ihopewell47@com.com	mL9+Lv+acALtF?
153	Dimitry Linning	dlinning48	dlinning48@icq.com	hJ0$.2jlnutNXl>
154	Yardley Bromhead	ybromhead49	ybromhead49@ebay.com	zL4\s)q~
155	Gwennie Cordey	gcordey4a	gcordey4a@senate.gov	zI7+1jrumdq?F
156	Micheal Preator	mpreator4b	mpreator4b@salon.com	yR4!n8saaGNfP7vn
157	Mada Freyn	mfreyn4c	mfreyn4c@imdb.com	qX3&K$n|g
158	Stephenie Southey	ssouthey4d	ssouthey4d@blogspot.com	tG6}5'h4*M
159	Niven Docker	ndocker4e	ndocker4e@flickr.com	aG7'IEaasGpgrO>N
160	Halimeda Ackland	hackland4f	hackland4f@google.ru	bN0&}e'!
161	Marquita Pund	mpund4g	mpund4g@usa.gov	tT6_85WRy
162	Arte Cherrington	acherrington4h	acherrington4h@google.it	tR9*UWeJ~T7}Z
163	Biddie Stobbe	bstobbe4i	bstobbe4i@walmart.com	tS3%)|Jvy}M%Y
164	Ashlee Pooke	apooke4j	apooke4j@t.co	fX9=KV|M83cys
165	Franzen Hayle	fhayle4k	fhayle4k@ask.com	rK5=@1a=ISCWwx
166	Barb Elion	belion4l	belion4l@tumblr.com	sA0!ks,'i
167	Casey Greggs	cgreggs4m	cgreggs4m@lycos.com	cD1(Ss47W!@8T
168	Roselia Arnhold	rarnhold4n	rarnhold4n@w3.org	wI7+~doq@AxJ!lBn
169	Daffi Handover	dhandover4o	dhandover4o@flavors.me	iO7?/tu8fqO
170	Addie Managh	amanagh4p	amanagh4p@histats.com	tR6(,7|{JA$
171	Hedvige Pollok	hpollok4q	hpollok4q@cdbaby.com	"cU9{c<O.jknwd"""
172	Conny Buckbee	cbuckbee4r	cbuckbee4r@ca.gov	"xJ8\/oJ+AT""/"
173	Levin Kingaby	lkingaby4s	lkingaby4s@arstechnica.com	jT3=Ddk\G
174	Clevey Andreutti	candreutti4t	candreutti4t@narod.ru	gX6$Alao}Zu
175	Maybelle Dulinty	mdulinty4u	mdulinty4u@wordpress.org	kL8#vC?$6K'Sz0kU
176	Yoshi Caldaro	ycaldaro4v	ycaldaro4v@addtoany.com	"tK8""ko4b&XIZnG"
177	Inigo Zywicki	izywicki4w	izywicki4w@webeden.co.uk	jR7%KkW/{q
178	Goran Mathon	gmathon4x	gmathon4x@census.gov	"eG0%81D""$$q=r"
179	Gaile Richarson	gricharson4y	gricharson4y@amazon.co.jp	gK1$e'T*mrHk
180	Hanna Frier	hfrier4z	hfrier4z@wordpress.org	zI1.)>S!
181	Ky Lippi	klippi50	klippi50@illinois.edu	zG4.f2nv9|eI
182	Noe Phippard	nphippard51	nphippard51@pinterest.com	iU5',CM,Rf5`(9
183	Stefanie Statersfield	sstatersfield52	sstatersfield52@cbslocal.com	"pB1""d!.vjTpSA"
184	Reamonn Blackford	rblackford53	rblackford53@moonfruit.com	iO5'y?Mw&OTU'u
185	Rhys Hourican	rhourican54	rhourican54@cbsnews.com	vX4\!8er
186	Idalia Coleiro	icoleiro55	icoleiro55@examiner.com	"nM4""UQ<'mzDr%"
187	Angelina Boteman	aboteman56	aboteman56@shareasale.com	bA1{w+|#Th`
188	Hadley Clineck	hclineck57	hclineck57@nasa.gov	cQ5\XrV1loWZ/or
189	Lucinda Rentenbeck	lrentenbeck58	lrentenbeck58@archive.org	yW0_`VrO
190	Sauveur Doyley	sdoyley59	sdoyley59@deviantart.com	xA4&&U&q.0Ry?wY
191	Padget Broadbridge	pbroadbridge5a	pbroadbridge5a@simplemachines.org	pF0.rj$_oW9~Q@fX
192	Ado Jina	ajina5b	ajina5b@cbslocal.com	kX9!'sagL}
193	Miguel Skoggings	mskoggings5c	mskoggings5c@cdc.gov	nZ3.Xl4qDA)Ua)J{
194	Kimbra Newick	knewick5d	knewick5d@ted.com	jX9$|ecuR
195	Bowie Gergolet	bgergolet5e	bgergolet5e@theatlantic.com	gU0/PL&y\=$A
196	Cristi Shillaber	cshillaber5f	cshillaber5f@adobe.com	xG0{V1UcCmK}
197	Hubie Chesher	hchesher5g	hchesher5g@linkedin.com	"cN0""~9hU+j"
198	Kahlil Wattam	kwattam5h	kwattam5h@blogger.com	yZ7$K.'sj}
199	Link Vasilenko	lvasilenko5i	lvasilenko5i@gov.uk	dS1&89Awh
200	Alexandr March	amarch5j	amarch5j@skype.com	hX9*`{%t08
201	Morey Kither	mkither5k	mkither5k@miibeian.gov.cn	jO4#H01'M=
202	Griffy Hawlgarth	ghawlgarth5l	ghawlgarth5l@multiply.com	qQ4.1w!3wz(nr*9
203	Sascha Noods	snoods5m	snoods5m@nytimes.com	lB2}16o6./O|BtK<
204	Elroy Cosford	ecosford5n	ecosford5n@hubpages.com	tQ8~}*zN
205	Matthus Tutchener	mtutchener5o	mtutchener5o@wikia.com	qL5#UlbrzK<
206	Natalee Neagle	nneagle5p	nneagle5p@myspace.com	rM3+_=cqMv%
207	Hart Gwilliam	hgwilliam5q	hgwilliam5q@europa.eu	gH1+OTo}X
208	Padriac Cheake	pcheake5r	pcheake5r@webs.com	tQ1|=>p'=|
209	Shara Greensitt	sgreensitt5s	sgreensitt5s@oakley.com	kL3%iw>{G)T~d`o
210	Harris Pina	hpina5t	hpina5t@jalbum.net	wG8|Ro!/Xm,%+30
211	Andre Biggar	abiggar5u	abiggar5u@cnn.com	vJ8@hAV#$o+t
212	Aubrie Carnoghan	acarnoghan5v	acarnoghan5v@multiply.com	"eP8~H""cYc"
213	Joanie Cavendish	jcavendish5w	jcavendish5w@1688.com	iS6.f<|a@
214	Shirlene Ferbrache	sferbrache5x	sferbrache5x@patch.com	zU3.$lp{KI<
215	Sophi Jiru	sjiru5y	sjiru5y@oakley.com	eC0!g=3A!
216	Zahara Rowan	zrowan5z	zrowan5z@bing.com	uQ7<$D<H`
217	Orelee Burn	oburn60	oburn60@istockphoto.com	yS8@qq4oUXx
218	Miltie Jordin	mjordin61	mjordin61@spotify.com	nG7{g9'S.u
219	Vivyan Klink	vklink62	vklink62@arizona.edu	lU1&<pZ*+/
220	Abigail MacElroy	amacelroy63	amacelroy63@uol.com.br	gX1~|xnQ
221	Townie Kliche	tkliche64	tkliche64@parallels.com	pE4@/_MQB`O$p
222	Batsheva Fergyson	bfergyson65	bfergyson65@netvibes.com	"iV9_ida""7ETK(Zc0"
223	Galina Lilbourne	glilbourne66	glilbourne66@ebay.co.uk	pJ7)ZtYp/VMcoa*z
224	Artemus Gatfield	agatfield67	agatfield67@drupal.org	hG4#zq9'
225	Brittni Jane	bjane68	bjane68@usgs.gov	eA1?*43>t
226	Cam Luxen	cluxen69	cluxen69@reference.com	wS7#o0%RjIQy
227	Rab Troyes	rtroyes6a	rtroyes6a@salon.com	tC1#75UTOT
228	Hewet Manuely	hmanuely6b	hmanuely6b@howstuffworks.com	fI3(ZS{+
229	Jonie Schonfeld	jschonfeld6c	jschonfeld6c@bloomberg.com	iR4\X.Kte7dI<E
230	Johna Goulthorp	jgoulthorp6d	jgoulthorp6d@guardian.co.uk	hF0?Tg,PH_0)|uc{
231	Rafa O'Reilly	roreilly6e	roreilly6e@techcrunch.com	mM9%3h|d
232	Frannie Malam	fmalam6f	fmalam6f@usa.gov	zA2)mw?ZLS<C+K
233	Franny Batchley	fbatchley6g	fbatchley6g@bing.com	aZ2>h,PcEAb4C's(
234	Tiffani Kingscote	tkingscote6h	tkingscote6h@illinois.edu	bV0$+d%kR~8h
235	Dody Doorly	ddoorly6i	ddoorly6i@psu.edu	"wM6}qL$>!MyQ""'x@"
236	Aila Flight	aflight6j	aflight6j@arstechnica.com	zQ6{S&yo33\F$3
237	Thaxter Trollope	ttrollope6k	ttrollope6k@nps.gov	nG0._\=$&p?G$lo4
238	Elwyn Liccardo	eliccardo6l	eliccardo6l@odnoklassniki.ru	eX2.MwfM$sa
239	Linnie Kilday	lkilday6m	lkilday6m@cisco.com	tF6&>NKa7V#w
240	Ephraim Lambswood	elambswood6n	elambswood6n@foxnews.com	yG4.cfOwu~A
241	Kerstin Franciskiewicz	kfranciskiewicz6o	kfranciskiewicz6o@bing.com	mN0~SQxvNPBG{
242	Lawrence Trulocke	ltrulocke6p	ltrulocke6p@nymag.com	wW5}ER%w>Ex
243	Carine Gascar	cgascar6q	cgascar6q@wsj.com	uL0=a`H73l
244	Malena Fettes	mfettes6r	mfettes6r@bluehost.com	oL0/(c=Y%=_%X?g
245	Minette Sherrington	msherrington6s	msherrington6s@mac.com	eX2\wYI_X#x
246	Carole Colyer	ccolyer6t	ccolyer6t@ted.com	"tO9&=gE""!rPqsjk)"
247	Tirrell Hayers	thayers6u	thayers6u@engadget.com	aB5&8MQ+
248	Jorie Kulic	jkulic6v	jkulic6v@meetup.com	sY1'|gX%B6{?
249	Niel Lechelle	nlechelle6w	nlechelle6w@theglobeandmail.com	vE4$GC%|8/}6Q
250	Byran Stopford	bstopford6x	bstopford6x@vistaprint.com	cV3@U*|,*?RjYFin
251	Ansell Egdal	aegdal6y	aegdal6y@eventbrite.com	oF3_T?}SGJP
252	Ileana Side	iside6z	iside6z@hud.gov	wY0#b<LAWhLPj>60
253	Talbot Loude	tloude70	tloude70@jimdo.com	"fA1""(AAAy"
254	Maddie Insworth	minsworth71	minsworth71@i2i.jp	yH9=tmTuVvs
255	Zebedee Sexty	zsexty72	zsexty72@is.gd	"mQ1_EJu1""nY/eb"
256	Roseanne MacSherry	rmacsherry73	rmacsherry73@chron.com	qZ6.rE@N
257	Roger Liddard	rliddard74	rliddard74@dmoz.org	"sV6+Zh""Mz!"
258	Sadye Gatus	sgatus75	sgatus75@deviantart.com	mU7_<x/GgE
259	Donavon Shelp	dshelp76	dshelp76@nyu.edu	tQ8_+(mmp
260	Hilary Botright	hbotright77	hbotright77@jiathis.com	eG5+rtTSsZ
261	Geri Saywell	gsaywell78	gsaywell78@usnews.com	aX7}jxPwXr
262	Douglas Crampton	dcrampton79	dcrampton79@google.cn	dZ1&44XTOd
263	Dallas McKeon	dmckeon7a	dmckeon7a@slashdot.org	"xG8%|uz}o""Y$@j"
264	Kaine Corcut	kcorcut7b	kcorcut7b@va.gov	"bD4}8r3""y%`#)M"
265	Padraig Grace	pgrace7c	pgrace7c@usatoday.com	sA7*>DWhcr9GKM
266	Dasya Silman	dsilman7d	dsilman7d@pcworld.com	pT9@{8tu
267	Bernard Kubatsch	bkubatsch7e	bkubatsch7e@berkeley.edu	iW6#~|x6
268	Gawen Jeppensen	gjeppensen7f	gjeppensen7f@home.pl	aQ0*pB\J#khE3)I}
269	Farris Moden	fmoden7g	fmoden7g@seesaa.net	oB5/QU%vx,o
270	Lauryn Fraczek	lfraczek7h	lfraczek7h@redcross.org	pI5$Jfpo_5
271	Shadow Skellion	sskellion7i	sskellion7i@skype.com	vC1>}t5X5T)Q
272	Miles Cuseck	mcuseck7j	mcuseck7j@vimeo.com	oE6<VdF$<|L
273	Serena Affleck	saffleck7k	saffleck7k@odnoklassniki.ru	wT1>MJCNTiE`!F
274	Gwenore Juschke	gjuschke7l	gjuschke7l@google.it	dB9*{$GFH
275	Nerta Essame	nessame7m	nessame7m@nature.com	"nO8>kUZ"""
276	Eben Charville	echarville7n	echarville7n@discovery.com	gL4~}yQIj4u2
277	Hayley Pegler	hpegler7o	hpegler7o@fc2.com	rK7|(0e5\|
278	Tatum Easterling	teasterling7p	teasterling7p@forbes.com	lZ9)XlQ%jq)
279	Tallou Crain	tcrain7q	tcrain7q@sun.com	cR4.!!Nz
280	Allyce Gaven	agaven7r	agaven7r@tuttocitta.it	jZ5.`v})x'a
281	Ive Cockle	icockle7s	icockle7s@sun.com	qR2{y!O.
282	Lenee Swannie	lswannie7t	lswannie7t@addthis.com	"jI8>#I""=XvR"
283	Amber Fellgate	afellgate7u	afellgate7u@chron.com	eP7%uol#*V4K9{@,
284	Prissie Baselli	pbaselli7v	pbaselli7v@liveinternet.ru	oJ7&'.&3ITR$
285	Eulalie Kohen	ekohen7w	ekohen7w@freewebs.com	uQ5+Q|v?#`OGI
286	Rolando Espinos	respinos7x	respinos7x@disqus.com	mS3_FSa&
287	Lucian Peatt	lpeatt7y	lpeatt7y@census.gov	jW7\ppxjh\D,d
288	Clary Boar	cboar7z	cboar7z@sohu.com	wB4{J!aQLc}L|.g
289	Linnea Lipmann	llipmann80	llipmann80@apple.com	"mR1`F""qL1X''Iik"
290	Estrellita Newvill	enewvill81	enewvill81@trellian.com	eN6(VvG5y
291	Petrina Crunkhorn	pcrunkhorn82	pcrunkhorn82@ft.com	"lU8{MWb""=Rd"
292	Gabi Mongin	gmongin83	gmongin83@angelfire.com	zO1,hhif
293	Cristiano Driuzzi	cdriuzzi84	cdriuzzi84@umich.edu	"yA7=""luA,u4Qc"
294	Tallia Santi	tsanti85	tsanti85@discuz.net	tE0|<`8j
295	Sylas Barwise	sbarwise86	sbarwise86@linkedin.com	rI2}9TnF4lL!T_
296	Candy Giraudou	cgiraudou87	cgiraudou87@dailymotion.com	"cD4>HY""(7p}Ad`O"
297	Rolfe Boldt	rboldt88	rboldt88@ocn.ne.jp	lL3,N1<Wseu$f=
298	Lanae Winkworth	lwinkworth89	lwinkworth89@npr.org	uJ0`|T0y>skB
299	Jeanne Shrimplin	jshrimplin8a	jshrimplin8a@ow.ly	hE1}~}_Ek
300	Bobette Carlile	bcarlile8b	bcarlile8b@etsy.com	"lE0+#""FnIa!cK"
301	Werner Bahls	wbahls8c	wbahls8c@va.gov	"aD6,""p4L"
302	Lewiss Doerrling	ldoerrling8d	ldoerrling8d@skype.com	yK4@S.I?
303	Mord Kilbride	mkilbride8e	mkilbride8e@washington.edu	"bJ2(~""(<ZY.u"
304	Rochester Dmitrovic	rdmitrovic8f	rdmitrovic8f@taobao.com	iG4_Jxyuvt0qnqB
305	Inessa Wickliffe	iwickliffe8g	iwickliffe8g@hubpages.com	qJ8,aliT
306	Renie Edward	redward8h	redward8h@360.cn	mO4%s|FKX@p
307	Sonnie Ledwidge	sledwidge8i	sledwidge8i@so-net.ne.jp	aJ6|i|gaJ
308	Brinna Tampin	btampin8j	btampin8j@booking.com	xC5#BX=2{t2u.
309	Charin Harwood	charwood8k	charwood8k@google.ru	oE1!xR'yM)
310	Roxana Parsell	rparsell8l	rparsell8l@jiathis.com	"yQ1,BRi/'.pp*<"""
311	Dahlia Nozzolii	dnozzolii8m	dnozzolii8m@bravesites.com	iY4?tqv2
312	Dehlia Jacob	djacob8n	djacob8n@symantec.com	eD5\dRfv2/5%{l
313	Bernadina Binestead	bbinestead8o	bbinestead8o@constantcontact.com	wB5{ImM'qHEXi@c
314	Natalya Egan	negan8p	negan8p@mit.edu	hP5~wuWvlc=5
315	Stacie Bradane	sbradane8q	sbradane8q@naver.com	qJ5%KH=sA,g`r/}d
316	Berty Phillippo	bphillippo8r	bphillippo8r@ning.com	uP9@|N0<oNC>d
317	Calida Awin	cawin8s	cawin8s@hexun.com	"nU7$BFNi6G""LoJ"
318	Melany Hawthorne	mhawthorne8t	mhawthorne8t@goo.gl	mZ0\NiSI_zFY&
319	Carly De la Yglesias	cde8u	cde8u@pinterest.com	cC2=R%egBWpBlY
320	Berty Forrestor	bforrestor8v	bforrestor8v@dyndns.org	yM4(Z959x!87h/k
321	Noelani Maypes	nmaypes8w	nmaypes8w@mediafire.com	"oT3!'(B&g&53dU"""
322	Pavlov Culbert	pculbert8x	pculbert8x@scribd.com	pV1*4MWlc
323	Enriqueta Henfre	ehenfre8y	ehenfre8y@illinois.edu	"tZ2?&a""\kdz&dakh"
324	Adena Gosforth	agosforth8z	agosforth8z@lulu.com	dR9'J5bk14EIfe
325	Mike O'Lyhane	molyhane90	molyhane90@ycombinator.com	qR7'+Z(w.\yYny(6
326	Carlo Levick	clevick91	clevick91@slashdot.org	tL2=hESmA8
327	Fairleigh Allone	fallone92	fallone92@google.de	hL5.TUHFSVS{x
328	Lauralee Camosso	lcamosso93	lcamosso93@sun.com	mT6.aH,MLAnA3<j
329	Minni Purtell	mpurtell94	mpurtell94@yale.edu	lV4>`@F\pJ|`kWQc
330	Saraann Stephens	sstephens95	sstephens95@twitpic.com	cB0|d/hChh
331	Sherline Sink	ssink96	ssink96@forbes.com	gF3+YG<Yn>`.@Ug
332	Suzanna Stallworthy	sstallworthy97	sstallworthy97@amazon.co.jp	kF0`MXOK}
333	Thorny Ferrey	tferrey98	tferrey98@narod.ru	gX8.L.U}F(
334	Tiffi Pettegree	tpettegree99	tpettegree99@chronoengine.com	eI6`#iW6bOE,4S
335	Tirrell Markel	tmarkel9a	tmarkel9a@biglobe.ne.jp	tO9~We8c#
336	Padraic Sibbert	psibbert9b	psibbert9b@wikimedia.org	fY7+dv+i<F_VYB
337	Danya Dunley	ddunley9c	ddunley9c@t-online.de	rT3*ZS1,<xJqq
338	Stefania Klimkiewich	sklimkiewich9d	sklimkiewich9d@mediafire.com	mZ9$lU0xH<$ltSl
339	Estella Lavies	elavies9e	elavies9e@utexas.edu	sS1_w4*@Y.A
340	Arley Causon	acauson9f	acauson9f@desdev.cn	lH8(,_ur1X2~%t
341	Jodi Palethorpe	jpalethorpe9g	jpalethorpe9g@exblog.jp	cB4~+I<)/~b_f
342	Gweneth Freezer	gfreezer9h	gfreezer9h@dailymotion.com	qP6}Z0GDFJq9J?
343	Coretta Ovill	covill9i	covill9i@ibm.com	"zW7~yJ`""RTk"
344	Rudd Tyrrell	rtyrrell9j	rtyrrell9j@shop-pro.jp	dG2_17($<QN@<M
345	Decca Titcombe	dtitcombe9k	dtitcombe9k@tmall.com	qP2}lnTQ
346	Alisander Crayker	acrayker9l	acrayker9l@sciencedirect.com	lN5,uQh7mgVSer
347	Melinde Baddow	mbaddow9m	mbaddow9m@newyorker.com	hI9(18@+FMJG
348	Giraldo Paulitschke	gpaulitschke9n	gpaulitschke9n@springer.com	sS3+1ixlwHd4Qy4
349	Quinn Skoyles	qskoyles9o	qskoyles9o@tuttocitta.it	cR4!EB}/0JL8$l
350	Reuven Leakner	rleakner9p	rleakner9p@symantec.com	gK7=g_S_
351	Kalindi Hundell	khundell9q	khundell9q@eventbrite.com	sW2|%quC_sWHz\B
352	Ethelbert Pinare	epinare9r	epinare9r@harvard.edu	"gS7'%""eR`MwdfXv"
353	Sofie Bountiff	sbountiff9s	sbountiff9s@sohu.com	vG3)3r0~IFeJ3Q
354	Paige Gardiner	pgardiner9t	pgardiner9t@woothemes.com	"vP4""`3)YJpcQ."
355	Ase Alderson	aalderson9u	aalderson9u@dot.gov	wZ2!,aJ~b+&!
356	Zed Ivanonko	zivanonko9v	zivanonko9v@alibaba.com	uY0@NEW?m
357	Cassondra Hinz	chinz9w	chinz9w@arizona.edu	yB8$prdvPZ)S=,i@
358	Alvinia Guyan	aguyan9x	aguyan9x@sina.com.cn	bX3,qH5P{V
359	Spense Oller	soller9y	soller9y@npr.org	"dX5~/X@HxJ*#AJ""2"
360	Dorita Drinkale	ddrinkale9z	ddrinkale9z@yahoo.com	"kB5_#""6,8W.{"
361	Tamar Cubbin	tcubbina0	tcubbina0@marriott.com	jI3*@UJg_(ei
362	Daile Bellchamber	dbellchambera1	dbellchambera1@techcrunch.com	eD8>J.rb
363	Beatrisa Dargie	bdargiea2	bdargiea2@bigcartel.com	yB9{rXWf1#ox@
364	Scarface Petche	spetchea3	spetchea3@dion.ne.jp	xO5~e|ZhRSWxPAmR
365	Vincenty Rosen	vrosena4	vrosena4@a8.net	"tR8,7gV""2"
366	Pip Inder	pindera5	pindera5@google.com	hK5$`Cq>D1S_iLic
367	Fifi Weatherall	fweatheralla6	fweatheralla6@usnews.com	hL4{3!4U2l7C<T}
368	Merrili Le Monnier	mlea7	mlea7@ft.com	yV7|0G<jjwfT
369	Evey Leeves	eleevesa8	eleevesa8@cdc.gov	xD1&0oN&!nN\@
370	Mitchel Kauschke	mkauschkea9	mkauschkea9@phpbb.com	"tG8~sWANI""IWQg{B"
371	Donna Magson	dmagsonaa	dmagsonaa@cpanel.net	cF3>}{~vrK~
372	Phillip Teaz	pteazab	pteazab@prlog.org	kC7=%h.EN
373	Etheline Beaney	ebeaneyac	ebeaneyac@lulu.com	"qY1""7zLx4OFu"
374	Georgetta Jovasevic	gjovasevicad	gjovasevicad@utexas.edu	dF7<p'EO
375	Cassie Stacey	cstaceyae	cstaceyae@seesaa.net	eO9?f25!|>f\0<
376	Valaria Gabbitis	vgabbitisaf	vgabbitisaf@samsung.com	"fM1'""(=9X+1A2CNI"
377	Lon Moreno	lmorenoag	lmorenoag@telegraph.co.uk	pQ2!@\puI
378	Seumas Allmen	sallmenah	sallmenah@de.vu	nO8|#)PP
379	Colline Metcalf	cmetcalfai	cmetcalfai@github.com	yI4|_Js2>kY*(P&
380	Shena Luckie	sluckieaj	sluckieaj@si.edu	gD5(')Vb}W`6q`_
381	Richmound Knapman	rknapmanak	rknapmanak@mozilla.org	zO0|/y(4>fRVUm
382	Kristen Kloster	kklosteral	kklosteral@shutterfly.com	mT8>y82+Rc1iyO4
383	Godfrey Benge	gbengeam	gbengeam@state.tx.us	cQ1!U,#ml
384	Nye Probetts	nprobettsan	nprobettsan@parallels.com	"vE9)gNz""2Adi"
385	Dina Lindwasser	dlindwasserao	dlindwasserao@shareasale.com	kC6}{3|}nH,1h/ng
386	Ag Relton	areltonap	areltonap@patch.com	yD8/EJF+Q%i7y
387	Mersey Itzkov	mitzkovaq	mitzkovaq@nationalgeographic.com	yS2{'2nKh
388	Starla Dulson	sdulsonar	sdulsonar@cafepress.com	zX1<`k#,'`
389	Waldon Threadgall	wthreadgallas	wthreadgallas@businessweek.com	zC9{xlKx=mJ6h
390	Ryan Hartil	rhartilat	rhartilat@nyu.edu	"hU2~_%A$Pf9l&""G"""
391	Andee Langston	alangstonau	alangstonau@cpanel.net	nR3\f)X)EL
392	Janice Risso	jrissoav	jrissoav@twitter.com	pA5`>kG~D'<
393	Damien Larner	dlarneraw	dlarneraw@bing.com	xZ6}E%!vKg#siKXP
394	Darlene Tolomio	dtolomioax	dtolomioax@dagondesign.com	cC4$avy=
395	Zared Lindenboim	zlindenboimay	zlindenboimay@imgur.com	oJ8%Na`cZ%gK2_
396	Lena Gainsborough	lgainsboroughaz	lgainsboroughaz@telegraph.co.uk	bS4+$,}M
397	Gun Ansley	gansleyb0	gansleyb0@parallels.com	bK8@0nEb<ons
398	Yuri Winspare	ywinspareb1	ywinspareb1@google.fr	"fG1\Fvsod*Ulhm/"""
399	Delmar Stamps	dstampsb2	dstampsb2@people.com.cn	gV7\x2~Zj
400	Lemar Connaughton	lconnaughtonb3	lconnaughtonb3@friendfeed.com	eY0%SVk*u/
401	Idelle Shorten	ishortenb4	ishortenb4@dailymotion.com	sV7%K0'3`r
402	Dalli Moens	dmoensb5	dmoensb5@com.com	"iD0""*s_R1@A"
403	Harv Rowena	hrowenab6	hrowenab6@toplist.cz	dM7`$A}2Q
404	Lyndsay Halliberton	lhallibertonb7	lhallibertonb7@so-net.ne.jp	gJ5*LOh_q'5g+Zio
405	Orv Le Grand	oleb8	oleb8@mtv.com	nC2+Pr4jR@R0Zgem
406	Brod McNeillie	bmcneillieb9	bmcneillieb9@ebay.com	lI9|RHIl
407	Lu Hickisson	lhickissonba	lhickissonba@unc.edu	uT3*ox0'bFy*%
408	Marcel Nutley	mnutleybb	mnutleybb@theguardian.com	vE4'@tI*pquw&`Z'
409	Jayne Lassetter	jlassetterbc	jlassetterbc@github.com	mL8?bk>}A7'_
410	Gene Gowans	ggowansbd	ggowansbd@apple.com	kF8_*Tz.U=t&OvH
411	Brade McKiddin	bmckiddinbe	bmckiddinbe@chron.com	oF1?m..tQ
412	Bjorn Gatchell	bgatchellbf	bgatchellbf@wunderground.com	"iO9""'.Z8eGqi"
413	Pace Davidde	pdaviddebg	pdaviddebg@upenn.edu	yK3+o_jCGgsq
414	Constantine Tinn	ctinnbh	ctinnbh@uol.com.br	oW1#/PS_
415	Adolf Pendell	apendellbi	apendellbi@cnet.com	aA7*U1UoRF'wp\Xo
416	Cyndia Skowcraft	cskowcraftbj	cskowcraftbj@netlog.com	aV7%4kDe8i&lx
417	Merrill Tilmouth	mtilmouthbk	mtilmouthbk@com.com	"nX7>Axmvq""3"
418	Hervey Ziebart	hziebartbl	hziebartbl@arstechnica.com	jS5\9SzNaK+lr
419	Oswald Gobbet	ogobbetbm	ogobbetbm@mozilla.com	"zQ2""3Z3>t"
420	Chanda Frayne	cfraynebn	cfraynebn@google.it	uR6`VvE/3@
421	Dougie Poleykett	dpoleykettbo	dpoleykettbo@discuz.net	lL1#BAL%
422	Shellie Dryburgh	sdryburghbp	sdryburghbp@house.gov	bF8=Ht7U6G
423	Richard Melesk	rmeleskbq	rmeleskbq@symantec.com	dR6{n6*w_
424	Ana Deamer	adeamerbr	adeamerbr@multiply.com	"hY9&To93<x}7""m7"
425	Tremain Nesbitt	tnesbittbs	tnesbittbs@imdb.com	gU2`2N'<jXwcQ+
426	Hyacinthia Grichukhanov	hgrichukhanovbt	hgrichukhanovbt@ovh.net	jR1%HU_E<s#nEokC
427	Katharina McCallion	kmccallionbu	kmccallionbu@csmonitor.com	uC4+1vn5Pj6Q
428	Kylie Mitham	kmithambv	kmithambv@phoca.cz	nO7|VM=<`2%PF
429	Fleurette Wrathmell	fwrathmellbw	fwrathmellbw@google.fr	vH6$W?pLkV9
430	Flora Delort	fdelortbx	fdelortbx@meetup.com	qG0?O3~S96t,cH
431	Storm Edgcombe	sedgcombeby	sedgcombeby@facebook.com	mU3?Mfs+rvc
432	Wilhelmina Farron	wfarronbz	wfarronbz@reddit.com	vK1<T?hz
433	Carey Coxon	ccoxonc0	ccoxonc0@bbb.org	aF1\D2l`nUUSHoz
434	Diannne Brackley	dbrackleyc1	dbrackleyc1@earthlink.net	hP8\G,|TzSrl
435	Alvera Buyers	abuyersc2	abuyersc2@nytimes.com	hI4}hx>BS
436	Andreana Akister	aakisterc3	aakisterc3@skype.com	"gS0~R`3X2""""O"
437	Sheilakathryn Cholmondeley	scholmondeleyc4	scholmondeleyc4@dmoz.org	xS6<N*)8$
438	Ashly Allmen	aallmenc5	aallmenc5@jalbum.net	qL3(*J1=
439	Esme Ubsdell	eubsdellc6	eubsdellc6@example.com	lB3+TZTW
440	Alexandr Haugh	ahaughc7	ahaughc7@smugmug.com	uB6!g1O53
441	Cecily Seargeant	cseargeantc8	cseargeantc8@creativecommons.org	hQ6!52~?wRaFs
442	Alexandra Origan	aoriganc9	aoriganc9@bigcartel.com	dS1$6R<yAIo
443	Merla Klimt	mklimtca	mklimtca@linkedin.com	sD9(1)dA9
444	Noemi Hinkins	nhinkinscb	nhinkinscb@tinypic.com	kW6'3)5uT5.Z
445	Margalo Carnall	mcarnallcc	mcarnallcc@samsung.com	jV9&K@C%
446	Marian Westwell	mwestwellcd	mwestwellcd@purevolume.com	oD8}_?H({v<A
447	Pavel Bercher	pbercherce	pbercherce@oakley.com	fJ2=%gX)v9#TSC
448	Glyn Spurrett	gspurrettcf	gspurrettcf@reverbnation.com	jJ1#UV<b
449	Corene Clipsham	cclipshamcg	cclipshamcg@studiopress.com	rU2?*Oq#7gncHw%O
450	Marin Broggio	mbroggioch	mbroggioch@people.com.cn	pC6{GUF{VL(+B`O=
451	Darby Potier	dpotierci	dpotierci@joomla.org	"hR8""M59+)~xb>sj."
452	Theressa Claydon	tclaydoncj	tclaydoncj@reddit.com	pV4$Bj(/k!
453	Kikelia Fishley	kfishleyck	kfishleyck@marriott.com	eZ8<),{|(>3QZ
454	Leah Turney	lturneycl	lturneycl@clickbank.net	hH9~PcL<s|L7r
455	Jordanna Itzkovich	jitzkovichcm	jitzkovichcm@cdbaby.com	bE5!P.j((
456	Brita Batrop	bbatropcn	bbatropcn@godaddy.com	wV0_}~ewWU.6r
457	Willi Roistone	wroistoneco	wroistoneco@google.it	cT6_1fTY!jLK
458	Dido Bonham	dbonhamcp	dbonhamcp@posterous.com	cN3&ZYhJ#
459	Inessa Skune	iskunecq	iskunecq@fda.gov	oP2_z!>4
460	Amata Assur	aassurcr	aassurcr@mediafire.com	"hF5+v""VQk5iM"
461	Boot Conkling	bconklingcs	bconklingcs@acquirethisname.com	mC8{#rBm
462	Alejoa Grzegorzewski	agrzegorzewskict	agrzegorzewskict@answers.com	rZ1*omFQ!
463	Ula Badger	ubadgercu	ubadgercu@nasa.gov	qU4(\Df4
464	Kendell Bellord	kbellordcv	kbellordcv@hud.gov	oH2\~n~W3jv*@<
465	Bartholomeus Purtell	bpurtellcw	bpurtellcw@1688.com	pA2|4}M'
466	Bernarr Wood	bwoodcx	bwoodcx@telegraph.co.uk	oT4'z_0uV
467	Vivia Skull	vskullcy	vskullcy@blogtalkradio.com	dN2#J9tYcv5H&A
468	Tobie Anthona	tanthonacz	tanthonacz@studiopress.com	oS6>C>#zhb8b
469	Kiley Boyat	kboyatd0	kboyatd0@ibm.com	qP8\m'&0j=JTL5j
470	Herman Dennerly	hdennerlyd1	hdennerlyd1@cpanel.net	bC4}D=?{Q
471	Hedda Brookton	hbrooktond2	hbrooktond2@cbc.ca	oS2>XW}J
472	Gerry Odda	goddad3	goddad3@telegraph.co.uk	sT4@bP$|aYWrT
473	Dorthea Apfler	dapflerd4	dapflerd4@tuttocitta.it	qB1=W}yWu&Z
474	Cissy Tulleth	ctullethd5	ctullethd5@ning.com	"wH8""vOl/A`@v3U#d"
475	Silvanus Ellicott	sellicottd6	sellicottd6@google.it	"eC7#F""#L"
476	Bird Cormack	bcormackd7	bcormackd7@vinaora.com	"pS9'D!9gb!Epe"""
477	Karlens Huffer	khufferd8	khufferd8@latimes.com	sS3!A9_oHB
478	Dion Ferran	dferrand9	dferrand9@seattletimes.com	sU2/2+L5>`
479	Natalie Heinl	nheinlda	nheinlda@tinyurl.com	"yQ5""~34*"
480	Glennie Coggill	gcoggilldb	gcoggilldb@mail.ru	tH6&#6|7JRP
481	Ingeberg Ruske	iruskedc	iruskedc@reference.com	wJ9}#_D!`k
482	Knox Luton	klutondd	klutondd@people.com.cn	gG6=UF8Sc~UzE$A
483	Bertrand Nann	bnannde	bnannde@microsoft.com	wW3_iwBKIO@Gwg
484	Granny Vibert	gvibertdf	gvibertdf@xinhuanet.com	qY6>sc}XJe}
485	Loy Ciccone	lcicconedg	lcicconedg@theglobeandmail.com	pP7!RD?f~m
486	Tadio Ismead	tismeaddh	tismeaddh@ebay.com	lT3*%7laYd}{*
487	Hanna Hambatch	hhambatchdi	hhambatchdi@usgs.gov	cB2@S'._<6hg<#J
488	Susana Zammitt	szammittdj	szammittdj@samsung.com	jE9(eNcPhaS+<vM
489	Charity McCullagh	cmccullaghdk	cmccullaghdk@wikispaces.com	yX7%OX.xoG182
490	Emalee Vannoni	evannonidl	evannonidl@homestead.com	wN3+1w>?
491	Rene Tosspell	rtosspelldm	rtosspelldm@google.co.uk	yT7\1K=w/J7'
492	Sergent Schoffel	sschoffeldn	sschoffeldn@yahoo.com	oK4`LLmSuqF|UUu
493	Beitris Burne	bburnedo	bburnedo@state.tx.us	"iU2..b8U""ey"
494	Lawry Gozney	lgozneydp	lgozneydp@comcast.net	jJ5<Y$1J%}CP=tH
495	Inger Reen	ireendq	ireendq@free.fr	jM3(?b+$(WdkaX
496	Ozzy Yerill	oyerilldr	oyerilldr@fotki.com	zV7?Zw`y8
497	Ivy Edmead	iedmeadds	iedmeadds@arizona.edu	dQ5%Mz)Em~d2o'J&
498	Waly McAusland	wmcauslanddt	wmcauslanddt@homestead.com	fP5|F'@nshdBn|.Y
499	Kara Reef	kreefdu	kreefdu@eepurl.com	bD5{5J</~(SMB
500	Marty Astell	mastelldv	mastelldv@shinystat.com	lB6\Y>fSl6nWUB3
501	Katharyn Ogers	kogersdw	kogersdw@kickstarter.com	cT4')vXO/ya
502	Jemimah Itzkov	jitzkovdx	jitzkovdx@skyrock.com	pO3?/=0/dmt
503	Martguerita Maclaine	mmaclainedy	mmaclainedy@engadget.com	fM1''F+8KmBk
504	Gennie Tupie	gtupiedz	gtupiedz@nbcnews.com	bQ5_=zhQpn
505	Shepperd Maleham	smalehame0	smalehame0@cafepress.com	yB7~OO%N?6J&z.0q
506	Teresita Iremonger	tiremongere1	tiremongere1@gravatar.com	lS3`hEBWbFpSqg
507	Lynna Millions	lmillionse2	lmillionse2@blinklist.com	qK4?n+p.D
508	Malcolm Ridgley	mridgleye3	mridgleye3@imageshack.us	eQ0|N2BM
509	Rory Shuker	rshukere4	rshukere4@nhs.uk	lZ2~46Tb#J
510	Robbin Di Domenico	rdie5	rdie5@tuttocitta.it	iN1+!._7veTHR}n
511	Hernando Burris	hburrise6	hburrise6@youku.com	cI6\\=/QD4
512	Jon Capewell	jcapewelle7	jcapewelle7@washingtonpost.com	fX8<<}VBWz~IJ
513	Felike Zecchii	fzecchiie8	fzecchiie8@example.com	mD7{YVC?%E=h0>4&
514	Maressa Goane	mgoanee9	mgoanee9@t-online.de	eH3+.!G=)|
515	Elsey Pucknell	epucknellea	epucknellea@surveymonkey.com	qV4!dv/v
516	Augustine Tomasz	atomaszeb	atomaszeb@com.com	wW1\.ygf=9N32A0
517	Noellyn Baversor	nbaversorec	nbaversorec@about.com	aO1)Ns@t~EzQz4qn
518	Lyndel Balstone	lbalstoneed	lbalstoneed@ihg.com	nK9/InCyZ6|6$K+
519	Marissa Breadon	mbreadonee	mbreadonee@npr.org	oF7'HsC+(
520	Regina McIsaac	rmcisaacef	rmcisaacef@adobe.com	aI0!B)!5+
521	Isis Marrable	imarrableeg	imarrableeg@cocolog-nifty.com	wF9@8v#'/UI'b
522	Jacinthe Willcox	jwillcoxeh	jwillcoxeh@jimdo.com	iY6)H4vo,ez7
523	Dewie Gostick	dgostickei	dgostickei@opera.com	"jS7|""R{$HO{{Wg"
524	Kylie Blann	kblannej	kblannej@people.com.cn	jT3`+eD%5<TY>K
525	Nowell Winear	nwinearek	nwinearek@4shared.com	"xC5=>t""Y&QwWH4ct"
526	Sallyanne McCard	smccardel	smccardel@studiopress.com	wZ6.2VLeT
527	Marshall Semechik	msemechikem	msemechikem@typepad.com	dY9\WHGP'R
528	Elijah Greggersen	egreggersenen	egreggersenen@storify.com	cU7)ozGF
529	Sharity Fleetham	sfleethameo	sfleethameo@clickbank.net	oU7~3R7R2#0Sx)ZE
530	Herminia Kingswood	hkingswoodep	hkingswoodep@goo.gl	uJ0.xLyXqu|
531	Annalee Ashpital	aashpitaleq	aashpitaleq@nba.com	pS0|=$#a&btA8%
532	Eartha Parlour	eparlourer	eparlourer@berkeley.edu	kX3=XK>DlZ3
533	Xena Guiraud	xguiraudes	xguiraudes@ibm.com	pF1{x<xB=dDb
534	Jerrie Roxburch	jroxburchet	jroxburchet@privacy.gov.au	hC2'0&$_JmJ3
535	Lauri Lequeux	llequeuxeu	llequeuxeu@soup.io	cK8!GdBK\
536	Tymon Haddow	thaddowev	thaddowev@guardian.co.uk	"rQ2""sg89w}ch"
537	Gnni Grinnikov	ggrinnikovew	ggrinnikovew@cafepress.com	bQ1#GZ<6Jt!V`
538	Jerome Scullin	jscullinex	jscullinex@bizjournals.com	xC1~%+tS
539	Bald Riddell	briddelley	briddelley@senate.gov	uR9_Yxf`
540	Silva Manston	smanstonez	smanstonez@google.com.au	fB6.d9{?/Q=ApGk
541	Graham Simenet	gsimenetf0	gsimenetf0@cloudflare.com	zD5=<}WnUmoU9yl
542	Gerrie Keemer	gkeemerf1	gkeemerf1@xrea.com	bG0_WVULqtpw&Y
543	Gregor Skouling	gskoulingf2	gskoulingf2@nymag.com	"sM1@Ha""A"
544	Halley Gianolini	hgianolinif3	hgianolinif3@berkeley.edu	wR4%P1N_Pv8)Dv
545	Corliss Koppeck	ckoppeckf4	ckoppeckf4@cmu.edu	qG0.%ZIn
546	Nev McNay	nmcnayf5	nmcnayf5@tripadvisor.com	rD6`6R*du
547	Lurleen Bartoleyn	lbartoleynf6	lbartoleynf6@meetup.com	jN6?H(v1ibE#=8<
548	Xaviera Leftbridge	xleftbridgef7	xleftbridgef7@rambler.ru	fF6/+|&0PfTF#n
549	Fanya Helks	fhelksf8	fhelksf8@wsj.com	pH6&V|ROI
550	Leonelle Navarre	lnavarref9	lnavarref9@go.com	hZ3<?ZJU1,
551	Etheline Gatty	egattyfa	egattyfa@quantcast.com	fX1(\kiA`@
552	Abba Studman	astudmanfb	astudmanfb@mysql.com	lA1|=c+Yf%{<S&b
553	Pepillo Siddaley	psiddaleyfc	psiddaleyfc@hugedomains.com	lT9*bt&mRF
554	Bastien MacFarlane	bmacfarlanefd	bmacfarlanefd@amazon.co.jp	fJ4/Q@Bsh
555	Sean Noone	snoonefe	snoonefe@apache.org	"eQ6,#{Q"""
556	Zenia Veryard	zveryardff	zveryardff@linkedin.com	bG4,gt=9`c
557	Nedi Faber	nfaberfg	nfaberfg@omniture.com	cP9/KeSU7T
558	Neal Lynn	nlynnfh	nlynnfh@is.gd	eC8'z7r/>%a
559	Lowrance McMechan	lmcmechanfi	lmcmechanfi@cbc.ca	lD4,z3>@2b`*D~
560	Karolina Collett	kcollettfj	kcollettfj@nsw.gov.au	zY4`b'<n1
561	Ogden Twiddy	otwiddyfk	otwiddyfk@statcounter.com	"eF1|%1""#=61TRe!"
562	Ruddie Sponton	rspontonfl	rspontonfl@economist.com	sR5<gLah?N
563	Kristina Sawden	ksawdenfm	ksawdenfm@unicef.org	fL9!f4gJ7G1zj
564	Seka Maris	smarisfn	smarisfn@hatena.ne.jp	vL1\'&\oq#
565	Marchelle Phillippo	mphillippofo	mphillippofo@shareasale.com	eO2@<n(1
566	Shadow Silversmid	ssilversmidfp	ssilversmidfp@nytimes.com	qW0>'V`*
567	Rocky Coad	rcoadfq	rcoadfq@sina.com.cn	pJ3.wc=hx=gp!Y9|
568	Caressa Pudney	cpudneyfr	cpudneyfr@youtube.com	"fV3|DId+S""M%J"
569	Linus Rabb	lrabbfs	lrabbfs@bravesites.com	aC4?P<g.#IHGNMf
570	Nevins Sergeant	nsergeantft	nsergeantft@google.com	nQ4.|xw*BM
571	Mitchell Temple	mtemplefu	mtemplefu@digg.com	tP1.QT{rQwu+UF1
572	Ellsworth Arbuckel	earbuckelfv	earbuckelfv@java.com	xH3{iUlkoB
573	Sybila Mendes	smendesfw	smendesfw@lulu.com	"wI7=`UH&PXH""M=K&"
574	Allis Audley	aaudleyfx	aaudleyfx@vinaora.com	pY2@A|q8X
575	Enriqueta Jankovsky	ejankovskyfy	ejankovskyfy@irs.gov	"eK4""RB?G*I2~O"
576	Hayyim Ruckert	hruckertfz	hruckertfz@marriott.com	"vH8&cx8("","
577	Corey Esch	ceschg0	ceschg0@facebook.com	bE5}2378j~E
578	Fawn Brugden	fbrugdeng1	fbrugdeng1@salon.com	sL6,R*9V/nJt*
579	Elise Kingston	ekingstong2	ekingstong2@dyndns.org	mM0/4Cx/qv~wdu
580	Rubina Yannikov	ryannikovg3	ryannikovg3@mapquest.com	xZ9/p7AgNJ3@N3
581	Ariela Charlwood	acharlwoodg4	acharlwoodg4@macromedia.com	lF8'KIf#U=
582	Consuelo Lorens	clorensg5	clorensg5@trellian.com	cR5%Hl4138
583	Gram Wathell	gwathellg6	gwathellg6@google.com	pG3!X1&y|t
584	Drusilla Jakovijevic	djakovijevicg7	djakovijevicg7@oakley.com	iF4@h%#EZwi|?g
585	Chance Asman	casmang8	casmang8@wikimedia.org	pQ4<1V$X@z)|N
586	Dominik Callicott	dcallicottg9	dcallicottg9@multiply.com	rK3$h&6a?a2nf
587	Bethanne Ault	baultga	baultga@yolasite.com	iV5?uT`4
588	Eleanora Hradsky	ehradskygb	ehradskygb@biblegateway.com	"iN9@fMME""F/5e""="
589	Rollie Binnie	rbinniegc	rbinniegc@dmoz.org	"aZ4/{""N(H=2"
590	Cullen Glide	cglidegd	cglidegd@printfriendly.com	hK0<.2u1<4Iq
591	Burl Grogona	bgrogonage	bgrogonage@biblegateway.com	hX8|wSqp_6kn.$?
592	Paulie Halksworth	phalksworthgf	phalksworthgf@yahoo.com	aH8_t+o6/
593	Troy McLukie	tmclukiegg	tmclukiegg@t-online.de	tX1/8Ygf,7xO
594	Emili Roscoe	eroscoegh	eroscoegh@dailymotion.com	lZ6\vRI5Dz1
595	Jan Werlock	jwerlockgi	jwerlockgi@cocolog-nifty.com	fF9*FVT{#SXy/TdM
596	Chane Portugal	cportugalgj	cportugalgj@aol.com	uY5&(sETV}Zw
597	Lothaire Ciraldo	lciraldogk	lciraldogk@opera.com	sP6<zdm6
598	Christy Shoard	cshoardgl	cshoardgl@paginegialle.it	zD5}D0KgCGXV_n/j
599	Brnaby Sisse	bsissegm	bsissegm@tamu.edu	jG7,$_o_q=U
600	Barr Nurden	bnurdengn	bnurdengn@va.gov	pQ0?d<BJj#
601	Nelie Marjot	nmarjotgo	nmarjotgo@photobucket.com	"rX3{""VGDnO`TMZNz"
602	Morgan Lamble	mlamblegp	mlamblegp@xing.com	uD0/`R8gDb#4
603	Ginni Umbert	gumbertgq	gumbertgq@blogspot.com	nG3)auNwKp|die
604	Hannie Swinnerton	hswinnertongr	hswinnertongr@hibu.com	bM0}G%N>n!rWqM
605	Kippie Lempenny	klempennygs	klempennygs@feedburner.com	oJ4\e7BvL
606	Nissa Huttley	nhuttleygt	nhuttleygt@irs.gov	eG1'\dH$6
607	Kirby Kippins	kkippinsgu	kkippinsgu@surveymonkey.com	aX4{K?=D_t+2w
608	Nada Burgum	nburgumgv	nburgumgv@51.la	uX3%TPQt&Pr{5%
609	Dallas Ovendon	dovendongw	dovendongw@webnode.com	"fL2""OoQnc(n"
610	Gamaliel Gabey	ggabeygx	ggabeygx@wired.com	pX8(VywFUZb
611	Blaine Van Der Weedenburg	bvangy	bvangy@freewebs.com	oS0)yRIk>I
612	Perry Fleetham	pfleethamgz	pfleethamgz@mayoclinic.com	gT4/Tbs_3`?#i<<l
613	Kristin De Clairmont	kdeh0	kdeh0@weebly.com	nC6}XT<_l#,c5y0n
614	Niles Dodge	ndodgeh1	ndodgeh1@yahoo.co.jp	vE3*~~E5LfPb/`<
615	Leyla MacBean	lmacbeanh2	lmacbeanh2@mozilla.com	"nY9'ADy""K(p|OK"
616	Katrinka Dederich	kdederichh3	kdederichh3@mediafire.com	hG5\#!Oe15/|n
617	King Boanas	kboanash4	kboanash4@cnn.com	xU3=c%SL({
618	Damien Quakley	dquakleyh5	dquakleyh5@scribd.com	mX1/3}L,
619	Pavel Favel	pfavelh6	pfavelh6@state.gov	tJ8*8U?FJZwaxh
620	Marietta Lambdon	mlambdonh7	mlambdonh7@mozilla.com	lQ8+3Nq{A!29
621	Kellsie Joanic	kjoanich8	kjoanich8@msn.com	pL5}DBZZ$
622	Perle Alger	palgerh9	palgerh9@marriott.com	uM9!'0ZOg
623	Marris Ingamells	mingamellsha	mingamellsha@scientificamerican.com	sT5=C4w2h?ELKXG
624	Moise Paske	mpaskehb	mpaskehb@tiny.cc	sX0$\MUT$s.
625	Joel Pottage	jpottagehc	jpottagehc@google.ru	"hI6~\0R{pQ9""""""t|"
626	Elonore Kaasmann	ekaasmannhd	ekaasmannhd@tiny.cc	rJ0?yBTZ
627	Millisent Ambage	mambagehe	mambagehe@cdbaby.com	"kY7""3>7,2X"
628	Vivi Lillicrap	vlillicraphf	vlillicraphf@naver.com	yP3=}S|E`<xd|Uo
629	Antonin Britt	abritthg	abritthg@about.com	dW6,z8nr
630	Hamel Peotz	hpeotzhh	hpeotzhh@sfgate.com	oE9?a{,rLt(?5kH
631	Giffard Rowlings	growlingshi	growlingshi@phpbb.com	oK8$%(w+J
632	Elita Flippini	eflippinihj	eflippinihj@unc.edu	bD8|o'D3
633	Avrit Knappen	aknappenhk	aknappenhk@123-reg.co.uk	vT2%KdOQvK\_@S
634	Madeleine Stell	mstellhl	mstellhl@examiner.com	cG6{8._t
635	Rosita Ternouth	rternouthhm	rternouthhm@pagesperso-orange.fr	wE1>hZvXmh#d
636	Lockwood Sonnenschein	lsonnenscheinhn	lsonnenscheinhn@statcounter.com	nL8@na_|?!<9%N
637	Kanya Lacy	klacyho	klacyho@wikispaces.com	sT1}dupB)x~y
638	Georgiana Withams	gwithamshp	gwithamshp@tinyurl.com	iB1=UQuy~JJx=.+{
639	Esteban Frazer	efrazerhq	efrazerhq@google.nl	rW1)`43~fu@H
640	Francis Withinshaw	fwithinshawhr	fwithinshawhr@salon.com	"sC2=g8f!RJU""w"
641	Moll Bertome	mbertomehs	mbertomehs@sohu.com	hI0/\g)c|8y
642	Terrye Size	tsizeht	tsizeht@auda.org.au	aT2,e&0B*6
643	Rickie Brigstock	rbrigstockhu	rbrigstockhu@networksolutions.com	gK3$+v(n}eABA
644	Frans Downs	fdownshv	fdownshv@purevolume.com	"oE0<L+R|V""""?"
645	Else Chazotte	echazottehw	echazottehw@globo.com	uM7(5e)H8@
646	Hannis Reinisch	hreinischhx	hreinischhx@goodreads.com	pA7(,}gF)AF
647	Bellanca O'Kelly	bokellyhy	bokellyhy@mac.com	dQ7/{>$nhXg)
648	Betteanne Defew	bdefewhz	bdefewhz@4shared.com	fY8\1avV>
649	Fredelia Dahle	fdahlei0	fdahlei0@gravatar.com	mC2{Z)Mpbt~39V<d
650	Allix Chalfant	achalfanti1	achalfanti1@xing.com	"mH7\D?}sP{""lwO}"
651	Bendicty Whickman	bwhickmani2	bwhickmani2@foxnews.com	gG7!_4w93%
652	Jamesy Craghead	jcragheadi3	jcragheadi3@nhs.uk	vL5..|NU
653	Carey Keenleyside	ckeenleysidei4	ckeenleysidei4@home.pl	tD6\8caA@9HZPSC
654	Giorgio Bridgewood	gbridgewoodi5	gbridgewoodi5@dell.com	lH8*3#\}EqiJoh
655	Eadie Willcott	ewillcotti6	ewillcotti6@parallels.com	uQ5~hSAMKe
656	Garrott Windley	gwindleyi7	gwindleyi7@google.pl	"sG1|~FM=""9>i"
657	Camellia Keegan	ckeegani8	ckeegani8@dot.gov	nP5?NLVcN/Y9
658	Fania Zolini	fzolinii9	fzolinii9@diigo.com	kS1&`bA7~9{a40@@
659	Marybeth Lober	mloberia	mloberia@live.com	"iG5'|uNb|q{+?""W"
660	Michaelina Brou	mbrouib	mbrouib@rambler.ru	sT7=m@X!mh*
661	Bartholemy Jacketts	bjackettsic	bjackettsic@dropbox.com	rU3!Yi}{~k
662	Sabina Dauncey	sdaunceyid	sdaunceyid@flickr.com	aF5!,#)Xi*JtEz&
663	Nikki Hum	nhumie	nhumie@europa.eu	dW0&y&3I`
664	Drew Noller	dnollerif	dnollerif@constantcontact.com	bI7+_Iccq9j<Vf
665	Stinky Antonellini	santonelliniig	santonelliniig@seesaa.net	mE3{CrMSyABy
666	Johnathon Goreisr	jgoreisrih	jgoreisrih@samsung.com	tM1$i\./}6xyjk4
667	Jo-anne Sisse	jsisseii	jsisseii@hp.com	sI6+H{gI
668	Samuele Dellenbrook	sdellenbrookij	sdellenbrookij@illinois.edu	rQ2'7tmR)#!)tRK.
669	Dennet Praill	dpraillik	dpraillik@lulu.com	xW7(W#qy#<.=T
670	Diane Tookey	dtookeyil	dtookeyil@dailymotion.com	wF2~BmRJ
671	Guntar Drummond	gdrummondim	gdrummondim@columbia.edu	tM8.B,}{j=s+=em
672	Lenci Giovanitti	lgiovanittiin	lgiovanittiin@networkadvertising.org	kJ6{qvjBwF2Iz
673	Celie Standidge	cstandidgeio	cstandidgeio@yellowpages.com	lD0#qn*|O+L@
674	Grant Napleton	gnapletonip	gnapletonip@bandcamp.com	yH2'7AZk\<+
675	Roby Emanson	remansoniq	remansoniq@gmpg.org	yI2%c)|~ZlM$?ZM
676	Vi Hall	vhallir	vhallir@studiopress.com	dU1+e=X+$Yy
677	Virge Lahive	vlahiveis	vlahiveis@jimdo.com	uV1<KtB.H,=$
678	Neila Pitway	npitwayit	npitwayit@washington.edu	bH8|egsb
679	Yuma Ilive	yiliveiu	yiliveiu@prnewswire.com	gH9/V.oU
680	Elliott McCurrie	emccurrieiv	emccurrieiv@instagram.com	yR1$eoU42.Gv4,L
681	Alaric Lazell	alazelliw	alazelliw@aboutads.info	lK3.fc,40
682	Ignacius Bellow	ibellowix	ibellowix@opera.com	wA1|u9anxXY/9KLg
683	Linnet July	ljulyiy	ljulyiy@spiegel.de	yC8+g%|DF7o5o
684	Ossie Wetherburn	owetherburniz	owetherburniz@amazon.de	oR1>f~CG
685	Foster Larkings	flarkingsj0	flarkingsj0@icio.us	yC6\yty&~&Fo=q
686	Osbourne Couronne	ocouronnej1	ocouronnej1@vk.com	dN3`R`mpb
687	Hamil Tattershall	htattershallj2	htattershallj2@webs.com	iB1<py`\LDr$z*U
688	Jeralee Longo	jlongoj3	jlongoj3@chron.com	gB3`wO%9eypz(Z
689	Lamond Leggat	lleggatj4	lleggatj4@cyberchimps.com	cU9`E@6ChSELV
690	Timothea Peake	tpeakej5	tpeakej5@hud.gov	uD5}Dey_T08WrClD
691	Claire Piner	cpinerj6	cpinerj6@webmd.com	oB0&aA=2mjIy2w
692	Britte Carneck	bcarneckj7	bcarneckj7@wordpress.org	wC6*#wpuT
693	Papageno Maior	pmaiorj8	pmaiorj8@instagram.com	eY5'4{V}r{/mw
694	Malory Berndtsson	mberndtssonj9	mberndtssonj9@gravatar.com	"sE8$"">2m>'nZ"
695	Batsheva Simonelli	bsimonellija	bsimonellija@home.pl	tA0,GEBqyNo{4
696	Jenna Fortye	jfortyejb	jfortyejb@examiner.com	hU7%JrDPrj=Wr
697	Flore Hilling	fhillingjc	fhillingjc@livejournal.com	lN9@5Kv&BTnN
698	Callean Gennings	cgenningsjd	cgenningsjd@pbs.org	wX6#Ba`R8bM4mi
699	Augy Jerromes	ajerromesje	ajerromesje@upenn.edu	"oS1+y""1jxoR"
700	Valerye Raiman	vraimanjf	vraimanjf@unesco.org	gL8=jv6zaWyTu
701	Valenka Moynham	vmoynhamjg	vmoynhamjg@cyberchimps.com	vG5`?yCM3j/8_|
702	Laurette Jakubovski	ljakubovskijh	ljakubovskijh@sina.com.cn	zR6\W=CscfV%*y
703	Malinda Friar	mfriarji	mfriarji@drupal.org	zH8*3LPUTLBf9
704	Miles Eyres	meyresjj	meyresjj@posterous.com	fN1<y7AoZE&6C$%n
705	Edithe Bordiss	ebordissjk	ebordissjk@google.com.au	iP4&L+P#VhX*+
706	Kippie Bristo	kbristojl	kbristojl@clickbank.net	eG4~8EDo
707	Lefty Freckelton	lfreckeltonjm	lfreckeltonjm@nasa.gov	hY2>Vu&eD
708	Wallace Bottini	wbottinijn	wbottinijn@spiegel.de	iO3`>#&fWC}r
709	Bradney Moro	bmorojo	bmorojo@si.edu	nY2\Au!cp
710	Wilhelm Bertolin	wbertolinjp	wbertolinjp@google.de	pK3/9O0?OA4
711	Barbara Gammidge	bgammidgejq	bgammidgejq@accuweather.com	iK5/7Q#tp|D
712	Waldemar Gepson	wgepsonjr	wgepsonjr@sohu.com	eH5#ank6qP\@'~)g
713	Puff Wortman	pwortmanjs	pwortmanjs@google.pl	"mY4|""7V|(D=IN>5w"
714	Tomasine Harriman	tharrimanjt	tharrimanjt@php.net	bA7`&/`~
715	Vasili Corcoran	vcorcoranju	vcorcoranju@blogspot.com	jX9{T7(C
716	Erl Perview	eperviewjv	eperviewjv@virginia.edu	"qA6""*j'ba1e|rfuP"
717	Mable Cotman	mcotmanjw	mcotmanjw@google.cn	hB4+~<$RFL#
718	Evaleen Fortesquieu	efortesquieujx	efortesquieujx@sitemeter.com	cV2/bwe)
719	Kilian Tolomio	ktolomiojy	ktolomiojy@apple.com	rI8\DyE?H_tsiSB
720	Zachariah Dehn	zdehnjz	zdehnjz@github.io	eD2'cBY.te
721	Keefe Leonida	kleonidak0	kleonidak0@salon.com	"wB9.Fs"".B+`F'"
722	Ninetta O'Brian	nobriank1	nobriank1@home.pl	"tN2\ha6?""+Tf"
723	Emilee Edgson	eedgsonk2	eedgsonk2@zimbio.com	bT4`=SWT5i
724	Estrella Kevlin	ekevlink3	ekevlink3@diigo.com	cV1'tqdTd*Y6+*S
725	Ayn Burney	aburneyk4	aburneyk4@dmoz.org	"kQ2""*`=Yo$<DrHKJ"
726	Griffith Sibthorp	gsibthorpk5	gsibthorpk5@huffingtonpost.com	aL7@H4)G|VL(
727	Krystalle Catlow	kcatlowk6	kcatlowk6@networkadvertising.org	mH1+62NlK~
728	Benedict Sussems	bsussemsk7	bsussemsk7@creativecommons.org	hN6'5wfA
729	Jemimah Yakebowitch	jyakebowitchk8	jyakebowitchk8@ovh.net	rZ0#yRfc
730	Elyssa McIsaac	emcisaack9	emcisaack9@upenn.edu	iX2}/x5xcK`.
731	Dorolice Shackle	dshackleka	dshackleka@cafepress.com	kJ1<x@M9I5yH\~
732	Yolande Saket	ysaketkb	ysaketkb@nba.com	aJ9,@+Vp`7
733	Betsy Whitlock	bwhitlockkc	bwhitlockkc@youtube.com	jU0>z=*TW
734	Anneliese Gerardet	agerardetkd	agerardetkd@ameblo.jp	"cB1>FH)""cIs7~5"
735	Melisande Colleymore	mcolleymoreke	mcolleymoreke@jigsy.com	sA4%3kx1P(.#4
736	Les Maffucci	lmaffuccikf	lmaffuccikf@mail.ru	vV4@GPgdZQV.Ri@
737	Ella Burlay	eburlaykg	eburlaykg@nsw.gov.au	cO1\p,}E8GII,7{
738	Erminia Riccardo	ericcardokh	ericcardokh@etsy.com	eR6}~3}$DumW>
739	Farrel Slixby	fslixbyki	fslixbyki@hud.gov	nV4/}Nj0qHldBxV
740	Cos Muffitt	cmuffittkj	cmuffittkj@hud.gov	eG0!'v>+#
741	Pavla Tolworthy	ptolworthykk	ptolworthykk@dailymotion.com	yJ7=6sLx
742	Sanderson Lisamore	slisamorekl	slisamorekl@newyorker.com	hY6?O`|@_`$h)
743	Marys Arlidge	marlidgekm	marlidgekm@va.gov	kC5=~tkE+YB
744	Wernher Thurby	wthurbykn	wthurbykn@artisteer.com	zO1@uQ.XHu6unCE
745	Bendix Treverton	btrevertonko	btrevertonko@oaic.gov.au	zG6>R_OHxJ6w?
746	Humfried Gilman	hgilmankp	hgilmankp@harvard.edu	"uJ8|G,_)=kS`"""
747	Emalia Igglesden	eigglesdenkq	eigglesdenkq@youku.com	jA7_iDHx9iryfop
748	Rozelle Tesoe	rtesoekr	rtesoekr@sakura.ne.jp	fN1?|fqNElz
749	Cazzie Brunner	cbrunnerks	cbrunnerks@mysql.com	pV9\wKiL&hn)b'
750	Dyanne Kelleway	dkellewaykt	dkellewaykt@newsvine.com	qT6=69MX#+AwaK%b
751	Onofredo Wiersma	owiersmaku	owiersmaku@marketwatch.com	fQ8\*Fd#eGVZ}
752	Sarene Craine	scrainekv	scrainekv@freewebs.com	jQ1'>U#Li}P85o<
753	Zora Imlin	zimlinkw	zimlinkw@ustream.tv	bE4'8JcH4`V
754	Keen Pasek	kpasekkx	kpasekkx@unesco.org	"cP0""2?E><A~pbi6Z"
755	Ricard Revan	rrevanky	rrevanky@cpanel.net	"sN0"".j+n%VoL!`"
756	Alta Stovell	astovellkz	astovellkz@wired.com	yQ1!}i?)
757	Ellis McGaugan	emcgauganl0	emcgauganl0@nyu.edu	qF1/}XlOR5C=CTE
758	Chane Hubatsch	chubatschl1	chubatschl1@chicagotribune.com	yJ5%$9fq(WyiR?U
759	Kinny Altamirano	kaltamiranol2	kaltamiranol2@comcast.net	nD6<2?8}L&
760	Briggs Gavrielly	bgavriellyl3	bgavriellyl3@discovery.com	sY4~/cel4x
761	Aurora Ladson	aladsonl4	aladsonl4@cnn.com	wA9?Wfob/\2
762	Freda Blatchford	fblatchfordl5	fblatchfordl5@constantcontact.com	rB5@Gnka.Q
763	Cathi Sayburn	csayburnl6	csayburnl6@aol.com	"kU1""Vl@?"
764	Prentice Coombe	pcoombel7	pcoombel7@livejournal.com	cZ6/BKk6h
765	Thebault Gatlin	tgatlinl8	tgatlinl8@indiegogo.com	rA8<(7)Q/'as0Hp
766	Percival Sigge	psiggel9	psiggel9@zdnet.com	mR7?NrJ+P.d
767	Aubrette Hillen	ahillenla	ahillenla@usa.gov	iQ7{PE'ZxjY}Rp
768	Doria Roskell	droskelllb	droskelllb@bloglines.com	aX6{?q<s#BdI1
769	Amy Oggers	aoggerslc	aoggerslc@biglobe.ne.jp	qA9!\l?/+~6(
770	Connie Baltzar	cbaltzarld	cbaltzarld@pinterest.com	lK1$}k%OUo)#@*o
771	Shelli Ajam	sajamle	sajamle@weibo.com	kG3)UH1h.`#AwD
772	Cherey Chape	cchapelf	cchapelf@google.fr	kA7*\'.F_asFp
773	Ibby Elgee	ielgeelg	ielgeelg@mlb.com	"nS9_+Q98c)""`"
774	Mahmud Pescott	mpescottlh	mpescottlh@tuttocitta.it	"oY9""E'AnbP#'"""
775	Brady Witherup	bwitherupli	bwitherupli@reddit.com	dY6)*,vR/G\O8E|b
776	Irina Evreux	ievreuxlj	ievreuxlj@yahoo.co.jp	gS0\KiOG3=
777	Christabella Whitnall	cwhitnalllk	cwhitnalllk@hc360.com	tY9}Zz(UrJV
778	Christian Troyes	ctroyesll	ctroyesll@admin.ch	hD5?az{&pZ8\6
779	Luis Maccrie	lmaccrielm	lmaccrielm@noaa.gov	jP7$D0c/+0\!
780	Jessa Hatzar	jhatzarln	jhatzarln@toplist.cz	"zJ0""}Q_>NqTp,k`"
781	Maxi Philipsson	mphilipssonlo	mphilipssonlo@answers.com	aS1*6wiQJ.5
782	Minerva Pesik	mpesiklp	mpesiklp@google.com	bU9_1N'LZ
783	Mady Noice	mnoicelq	mnoicelq@reverbnation.com	zB0}ktc&Mza(
784	Simonne Feldbrin	sfeldbrinlr	sfeldbrinlr@bizjournals.com	gY2<6ijARiqcys
785	Aleksandr Bitchener	abitchenerls	abitchenerls@princeton.edu	lQ1@wucLPdWR`FM
786	Loise Nursey	lnurseylt	lnurseylt@sakura.ne.jp	aI3<eKLah4
787	Othilia Benge	obengelu	obengelu@chicagotribune.com	"yO3?|""SL$'Z"
788	Jessey Syson	jsysonlv	jsysonlv@ifeng.com	bK2~,toE.NyR<
789	Trev Sive	tsivelw	tsivelw@g.co	gW0<mmCv+
790	Annabell Schermick	aschermicklx	aschermicklx@joomla.org	pF1|tM%s7UPaX
791	Joana Thackham	jthackhamly	jthackhamly@state.gov	vW5@A6mHM
792	Vanna McOrkill	vmcorkilllz	vmcorkilllz@godaddy.com	uO3#)>`45l%t
793	Liza Jaye	ljayem0	ljayem0@rakuten.co.jp	"aB4%Z""""dW"
794	Ingra Mackness	imacknessm1	imacknessm1@rambler.ru	"fT7,"")~eb"
795	Marla Insole	minsolem2	minsolem2@goo.gl	"vB4\""#k""%YVx\"
796	Lin Mariette	lmariettem3	lmariettem3@youku.com	wG5(OmJq7I.@p
797	Billi Laxton	blaxtonm4	blaxtonm4@narod.ru	mJ2*$*&1%<+M>_
798	Jed Blacklawe	jblacklawem5	jblacklawem5@nationalgeographic.com	fN1~jf+1T5
799	Hewet Serris	hserrism6	hserrism6@cam.ac.uk	iI6*ucx?T&{DKt
800	Candie MacCallam	cmaccallamm7	cmaccallamm7@cmu.edu	yU6#XLk`
801	Jania Gissop	jgissopm8	jgissopm8@ucsd.edu	rZ1<YRVW}?,#'
802	Reade Nanson	rnansonm9	rnansonm9@sfgate.com	mA4`k7>S3Q5Z
803	Shaughn Leftridge	sleftridgema	sleftridgema@uiuc.edu	"zT1""j09O"
804	Lay D'orsay	ldorsaymb	ldorsaymb@google.co.uk	"jZ9_6l""Ik)p\XE"
805	Donnie Bloxsom	dbloxsommc	dbloxsommc@lycos.com	"zP9@<q#""+&)I)Ks/"
806	Silvanus Barnsley	sbarnsleymd	sbarnsleymd@google.nl	eN0*|i{oW=YA)
807	Charo Grimmett	cgrimmettme	cgrimmettme@twitter.com	oL4=cyc7j<
808	Glad Stopford	gstopfordmf	gstopfordmf@who.int	xA7?'Mvegi,)F
809	Lyda Duly	ldulymg	ldulymg@wisc.edu	vK0$Uviog`hdFds
810	Christalle Spradbrow	cspradbrowmh	cspradbrowmh@yolasite.com	xK3#V4N#wMN*j
811	Ora Bahde	obahdemi	obahdemi@cmu.edu	sK6|<K2VmxG,#Lm{
812	Bliss McGrouther	bmcgrouthermj	bmcgrouthermj@illinois.edu	jZ7@`#pMS4
813	Darby McNeilley	dmcneilleymk	dmcneilleymk@merriam-webster.com	bW0'1jWo@o
814	Rogerio Januszewicz	rjanuszewiczml	rjanuszewiczml@rakuten.co.jp	cG7@t&gC#!\d\#>
815	Bellanca Charleston	bcharlestonmm	bcharlestonmm@storify.com	fA9#<qa6s)<B}N)
816	Shaina Lacky	slackymn	slackymn@imgur.com	pY2|dG1**d
817	Kory Schimon	kschimonmo	kschimonmo@hao123.com	kL0'{T4*M
818	Cynde Balden	cbaldenmp	cbaldenmp@indiegogo.com	zU6@zpa9
819	Denny Spellacey	dspellaceymq	dspellaceymq@last.fm	cN6'C<b|XhQk
820	Ofelia Booker	obookermr	obookermr@disqus.com	sH9<vZpfO
821	Ilyssa Fernan	ifernanms	ifernanms@usatoday.com	oE5.EMqj*pYy<
822	Zandra Dudney	zdudneymt	zdudneymt@miibeian.gov.cn	rO7*%/y)(WpJ10W1
823	Bevin Brotherhed	bbrotherhedmu	bbrotherhedmu@google.fr	jO8%#1|56qQas
824	Jamal Harper	jharpermv	jharpermv@rakuten.co.jp	fR8/FH1X5iVqP)
825	Hurley Walthew	hwalthewmw	hwalthewmw@webnode.com	yP1+=RCsAhh<IxH
826	Guinevere Ellar	gellarmx	gellarmx@nymag.com	eP6|Ts68Y&1CG
827	Vassili Tighe	vtighemy	vtighemy@discovery.com	vT1}ESd%N
828	Tanya Gatheridge	tgatheridgemz	tgatheridgemz@census.gov	"oO3""p1P*Q$W""Z4C"
829	Gusty Maltster	gmaltstern0	gmaltstern0@squarespace.com	lI1&yl*d>r
830	Kaila Kirkebye	kkirkebyen1	kkirkebyen1@ca.gov	cX9@$.B57+
831	Jobie Riccard	jriccardn2	jriccardn2@imageshack.us	oY4\3x}W>
832	Allyce Fairebrother	afairebrothern3	afairebrothern3@weebly.com	tX6>TP1nSUmdU
833	Corri Conrart	cconrartn4	cconrartn4@etsy.com	wI1@nC30@
834	Elisa Cornner	ecornnern5	ecornnern5@washington.edu	iQ7/PJ_Ro'Om/w
835	Orelle Wapol	owapoln6	owapoln6@hatena.ne.jp	fZ8||0`/T4`%wZRx
836	Aldus Nann	anannn7	anannn7@newsvine.com	eS4+Nk~Ifh%&,2vZ
837	Allister Shea	ashean8	ashean8@globo.com	iL0%O{wAiQ
838	Rica MacGillreich	rmacgillreichn9	rmacgillreichn9@cam.ac.uk	tA1|)q<qykg9f
839	Clarance Blanko	cblankona	cblankona@hc360.com	pD8@6<|PR!{<A
840	Tamarra Fellibrand	tfellibrandnb	tfellibrandnb@google.ru	fA9&pr_h%x
841	Roxane Naldrett	rnaldrettnc	rnaldrettnc@nydailynews.com	lA2{w*auW#JM3F
842	Joella Petzold	jpetzoldnd	jpetzoldnd@abc.net.au	uT5+}eMAL/
843	Brigid Avramovitz	bavramovitzne	bavramovitzne@digg.com	"jP2""L@j}&4)4X""_"
844	Rafaelita Lillecrop	rlillecropnf	rlillecropnf@usda.gov	dX1$Wt1aj
845	Klarrisa Baalham	kbaalhamng	kbaalhamng@usda.gov	dD7~4j)J
846	Felicia Ixer	fixernh	fixernh@cdc.gov	eN1=}X@\po
847	Eberhard Pantlin	epantlinni	epantlinni@shareasale.com	xB2|SE+(
848	Jody Hannigan	jhannigannj	jhannigannj@zdnet.com	jV6}6hg?X|M
849	Beryl Dunhill	bdunhillnk	bdunhillnk@mapquest.com	vM1&A/bU
850	Margery Paver	mpavernl	mpavernl@dell.com	rP2.ywN|he.BE
851	Esmaria Pepon	epeponnm	epeponnm@yale.edu	vK5<5pq7A@>4!2F<
852	Jay Wilflinger	jwilflingernn	jwilflingernn@newyorker.com	zO8>4mV87Ix|
853	Minna Orrobin	morrobinno	morrobinno@rambler.ru	cY7#g%oeN
854	Minor Prozescky	mprozesckynp	mprozesckynp@bing.com	lD0'#_XK/G
855	Gerta Chatteris	gchatterisnq	gchatterisnq@printfriendly.com	eT0$jDd<vZ#
856	Britt Ioannidis	bioannidisnr	bioannidisnr@go.com	hO5~g4@C+@HEA8*'
857	Barbaraanne Dann	bdannns	bdannns@github.com	wP4)<uEcv{P\}_cT
858	Tansy McKniely	tmcknielynt	tmcknielynt@imageshack.us	gE0+L~j?RAx|A
859	Ginni Nelsen	gnelsennu	gnelsennu@tiny.cc	qU7%bQ<J~\o
860	Hubert Olsen	holsennv	holsennv@desdev.cn	kE0?I_{'>
861	Austin Rothon	arothonnw	arothonnw@free.fr	hV8\fPeG7\,v
862	Yale Martel	ymartelnx	ymartelnx@loc.gov	dC3=`=`98
863	Gabriello Pattington	gpattingtonny	gpattingtonny@google.com.hk	uR0}}7mC.{RQT
864	Ruy Sussex	rsussexnz	rsussexnz@dell.com	bK0=!W&yc@(EK01f
865	Zachery Teaz	zteazo0	zteazo0@squarespace.com	zL2,sLpvI5IV
866	Leonardo Guille	lguilleo1	lguilleo1@webmd.com	aD0<}Ty%%>)uj
867	Devy Dranfield	ddranfieldo2	ddranfieldo2@omniture.com	"lD5_}/C0vd""%?rv"
868	Elinore Fasson	efassono3	efassono3@squidoo.com	cX9@U*`2~0O<
869	Darya Foxhall	dfoxhallo4	dfoxhallo4@icq.com	kK1.}pB9x_`
870	Gusty Landeg	glandego5	glandego5@weather.com	"iG9""\f|8kA@_Q"
871	Ailyn Southwood	asouthwoodo6	asouthwoodo6@mayoclinic.com	vW9)psJ{2{
872	Adele Courtois	acourtoiso7	acourtoiso7@clickbank.net	tE6{Xp$rW`
873	Felike Valdes	fvaldeso8	fvaldeso8@newsvine.com	vL2*{G?Y
874	Leone Tyrrell	ltyrrello9	ltyrrello9@about.me	qJ0<cJNDFeYAeiu
875	Puff Guiver	pguiveroa	pguiveroa@who.int	pG3%YF&8F
876	Huntlee Panyer	hpanyerob	hpanyerob@geocities.jp	oL5\U8s!
877	Giulio Cissell	gcisselloc	gcisselloc@wikia.com	uA2`%E$F4
878	Barnett Rissom	brissomod	brissomod@weibo.com	tD7(S?nA
879	Noami Sprigg	nspriggoe	nspriggoe@about.me	oT3\3'Bi%
880	Cordell Dorling	cdorlingof	cdorlingof@fotki.com	bM7<A<Ob1r'D?B&r
881	Fan Gullivan	fgullivanog	fgullivanog@dailymail.co.uk	mS3)_iPpQ1L~
882	Brynn Eadmeads	beadmeadsoh	beadmeadsoh@dyndns.org	wX8(blMi$p&MC
883	Teddy Dumbellow	tdumbellowoi	tdumbellowoi@mapquest.com	gY4$M0bnL|OV_
884	Shana Jean	sjeanoj	sjeanoj@tinyurl.com	kN2#*c>7
885	Cristen Davidovits	cdavidovitsok	cdavidovitsok@icq.com	lD0`'*THIH
886	Nadia Beagles	nbeaglesol	nbeaglesol@vkontakte.ru	aQ1.C1>4edv~s&sV
887	Veronika Dobkin	vdobkinom	vdobkinom@instagram.com	bW0_f#!T
888	Wallas Ornells	wornellson	wornellson@mozilla.com	jD9~0A\?Lq0G#P/T
889	Else Eglington	eeglingtonoo	eeglingtonoo@nba.com	uS8=gd+2RQ
890	Joella Kernes	jkernesop	jkernesop@sphinn.com	eP2#uh2peOI#
891	Welsh Slorach	wslorachoq	wslorachoq@tripadvisor.com	yQ9</FCRxn
892	Andreana Deevey	adeeveyor	adeeveyor@g.co	uN9`KJKpCGH_6*
893	Hermina Andress	handressos	handressos@pcworld.com	qF2_*ld}n\A?6w
894	Willow Asipenko	wasipenkoot	wasipenkoot@facebook.com	hK7+H#qQh77&
895	Mozes Capponeer	mcapponeerou	mcapponeerou@topsy.com	zX6>n|3{(ZU?Vf
896	Peg Inkpin	pinkpinov	pinkpinov@merriam-webster.com	cC5=U||35x+
897	Field Szubert	fszubertow	fszubertow@time.com	oS9`oqo5NvN5|g
898	Genna Jarred	gjarredox	gjarredox@dailymotion.com	yS0'+o0}s{+.
899	Kippy Stratz	kstratzoy	kstratzoy@cornell.edu	pP5>_@JnSCJMG
900	Esta Izaks	eizaksoz	eizaksoz@dedecms.com	rG8'FIidm
901	Giffer Crowcroft	gcrowcroftp0	gcrowcroftp0@so-net.ne.jp	rH8%$HjPl2yX&
902	Wanids Pawelski	wpawelskip1	wpawelskip1@state.tx.us	qS9\pgU6CS'j.
903	Ogdan Ashington	oashingtonp2	oashingtonp2@bing.com	jH9)S/_.G%H1pX*
904	Rickie Mushett	rmushettp3	rmushettp3@wufoo.com	iI7'hc{G!r
905	Eddy Tonks	etonksp4	etonksp4@ftc.gov	iK8_>z|!NihA&_XU
906	Crysta Windrass	cwindrassp5	cwindrassp5@taobao.com	qI4*qBVUE.gIaJ
907	Merissa Jiran	mjiranp6	mjiranp6@thetimes.co.uk	sG7&v{7(xHA8a
908	Noellyn Wiltsher	nwiltsherp7	nwiltsherp7@bing.com	"iH3=""{f1Q"
909	Granger Polin	gpolinp8	gpolinp8@usa.gov	"uI0""C\s5&(5"
910	Arda Perett	aperettp9	aperettp9@360.cn	bS7=sT/XwZ8zK_&
911	Gates Skittrall	gskittrallpa	gskittrallpa@apple.com	"aZ3!""$""ubm5?H"
912	Dorolice Mutimer	dmutimerpb	dmutimerpb@oakley.com	hW5\A,<iA5vwnK
913	Dex Esposita	despositapc	despositapc@cisco.com	vR5#I48d&Z5pd
914	Merrill Macquire	mmacquirepd	mmacquirepd@toplist.cz	gE1@|!Px>?I5`qC
915	Justinian Artinstall	jartinstallpe	jartinstallpe@yahoo.com	oI1>0he=&#}5Y_
916	Ellary Dargue	edarguepf	edarguepf@disqus.com	nU9_>TY$u_G
917	Bartholemy Emmins	bemminspg	bemminspg@pcworld.com	rE0&d7D?)
918	Thaine Gallatly	tgallatlyph	tgallatlyph@mail.ru	"uS2""/o%m"
919	Tore Bladder	tbladderpi	tbladderpi@youku.com	uA3&Xy<aWdwps
920	Lesley Castaner	lcastanerpj	lcastanerpj@devhub.com	fN5)B+31>LV$Wh#Q
921	Mendel Elix	melixpk	melixpk@amazon.de	uT8?e?w<h
922	Matt Guilleton	mguilletonpl	mguilletonpl@berkeley.edu	mL6)2jJT
923	Barny Avrashin	bavrashinpm	bavrashinpm@icq.com	fS5{_~VhW@E
924	Val Brittan	vbrittanpn	vbrittanpn@g.co	dG7.0}=(>$
925	Stavro Eddicott	seddicottpo	seddicottpo@google.cn	gU6<,g'33w~UV
926	Nikola Clough	ncloughpp	ncloughpp@geocities.com	wU2@5*$NzH$p6#Y
927	Keith Scrannage	kscrannagepq	kscrannagepq@cocolog-nifty.com	oD3.#3u?2
928	Candide Sinott	csinottpr	csinottpr@berkeley.edu	"dS8_""m8jg"
929	Penny Orrobin	porrobinps	porrobinps@elpais.com	tE5@.1X3`h
930	Honor Clinch	hclinchpt	hclinchpt@sun.com	jJ9#n_f%LdHZ@Q
931	Noami Shipp	nshipppu	nshipppu@princeton.edu	rV2$*x5d
932	Asher Vest	avestpv	avestpv@g.co	iQ5*N$W5?mYIv_
933	Elston Fernanando	efernanandopw	efernanandopw@mtv.com	kQ5,\LYN!|`u
934	Gayel Charpin	gcharpinpx	gcharpinpx@wikispaces.com	fR2.M{KWf
935	Odey Danneil	odanneilpy	odanneilpy@blogtalkradio.com	jE0%l&jfG
936	Flo McChruiter	fmcchruiterpz	fmcchruiterpz@barnesandnoble.com	sD0{S5*f7)F>/YQ
937	Alvira Feeney	afeeneyq0	afeeneyq0@angelfire.com	eE9+e.Dq5Yqqwl
938	Susi Girvin	sgirvinq1	sgirvinq1@mapy.cz	dA5<0'(|>7tnIV&
939	Gusta Perche	gpercheq2	gpercheq2@xinhuanet.com	xG6_>S6O(
940	Jillian Claricoats	jclaricoatsq3	jclaricoatsq3@diigo.com	dU2@Y`'f=FOLDn
941	Niles Nester	nnesterq4	nnesterq4@ask.com	bV5?Ro`GU
942	Angelia Foli	afoliq5	afoliq5@nba.com	rB6@7600v#?p2
943	Xavier McMahon	xmcmahonq6	xmcmahonq6@a8.net	nO3&z_UGl'
944	Reggy Igo	rigoq7	rigoq7@people.com.cn	zD7%GX$lh/Q3m7Dm
945	Nolly Portt	nporttq8	nporttq8@flickr.com	mJ0~bM<xby9C1
946	Rudolfo Maskrey	rmaskreyq9	rmaskreyq9@shinystat.com	aS6#EPRC
947	Lynde Storch	lstorchqa	lstorchqa@latimes.com	jA0.Ok%Y
948	Gaylord Blanckley	gblanckleyqb	gblanckleyqb@a8.net	lH0/ZfiEp/
949	Rozelle Colecrough	rcolecroughqc	rcolecroughqc@acquirethisname.com	zY5>38zt&6/v9
950	Pail Gregorin	pgregorinqd	pgregorinqd@hud.gov	zX9<UmERr0uZE>
951	Clio Novello	cnovelloqe	cnovelloqe@springer.com	rM7$X4v,
952	Norby Folds	nfoldsqf	nfoldsqf@engadget.com	bE9=0Z_UYF
953	Margie Philipsen	mphilipsenqg	mphilipsenqg@google.ru	kV5$>K!1e
954	Riley Moroney	rmoroneyqh	rmoroneyqh@csmonitor.com	vK2=WN\C`BX%
955	Olenolin Desaur	odesaurqi	odesaurqi@cbc.ca	iF5/F*ffT{Q7zMh
956	Darcy Zorzi	dzorziqj	dzorziqj@example.com	oW0%$S~f
957	Shae Cellier	scellierqk	scellierqk@smugmug.com	rU2~\~chPu<t.n)
958	Ruthanne Claye	rclayeql	rclayeql@sitemeter.com	fN8~*E26qG3a
959	Nichol Ingrem	ningremqm	ningremqm@deliciousdays.com	kD2~C'~ziwHnwYK
960	Marti Beardow	mbeardowqn	mbeardowqn@pinterest.com	nZ5>Fb).$e
961	Aidan Gudde	aguddeqo	aguddeqo@nymag.com	jK2}Ci=~aOhqJ
962	Vernice Inglesent	vinglesentqp	vinglesentqp@tripadvisor.com	"dM0""jsyc~"
963	Alexio Ryder	aryderqq	aryderqq@vistaprint.com	oG5#48}<gN(M,fx
964	Sergio Hedan	shedanqr	shedanqr@google.com.br	"uN4=JHgfGa"""
965	Orella Kohler	okohlerqs	okohlerqs@cocolog-nifty.com	lL0(OI%wfh
966	Rina Guisot	rguisotqt	rguisotqt@merriam-webster.com	sK0/i(Z6x3>D
967	Diann Kenwin	dkenwinqu	dkenwinqu@yahoo.co.jp	xV6>a.7Bps
968	Ingelbert Waistell	iwaistellqv	iwaistellqv@stanford.edu	jN5_\oOe3YuVyL
969	Ludwig McGrirl	lmcgrirlqw	lmcgrirlqw@usgs.gov	mF7/gZ>%Bi8gw`f
970	Addy Pagel	apagelqx	apagelqx@ycombinator.com	gD5%z/v~Ox
971	Mozelle Kersting	mkerstingqy	mkerstingqy@hp.com	"hU6{{G{'@""0R?w`"
972	Peyter Aindrais	paindraisqz	paindraisqz@accuweather.com	dR8@vh58CnpXuEV
973	Faythe Thayre	fthayrer0	fthayrer0@google.es	iB3{PcT\3Gz
974	Dacy Kenington	dkeningtonr1	dkeningtonr1@ycombinator.com	rO9?TR2)+?xN95
975	Evaleen Rosellini	erosellinir2	erosellinir2@un.org	zA9+W1o}k'_
976	Beret Bendle	bbendler3	bbendler3@bluehost.com	eV9|(h=%SW|{
977	Jo-ann Domange	jdomanger4	jdomanger4@chicagotribune.com	rN5#(&.|VcF
978	Giselbert Curdell	gcurdellr5	gcurdellr5@squidoo.com	mQ3\/H7}VLq1ehy
979	Doria McMorland	dmcmorlandr6	dmcmorlandr6@apple.com	"vD7{n""hKDlC7>"
980	Wylie Selly	wsellyr7	wsellyr7@imageshack.us	hH5_E2zVV
981	Axel de Wilde	ader8	ader8@bravesites.com	"aP5""F6<G!xi"
982	Renata Keenleyside	rkeenleysider9	rkeenleysider9@yelp.com	vR4++<6XNcsTQ%
983	Levi Barnwille	lbarnwillera	lbarnwillera@woothemes.com	"oB3""@|OZ@FZK"
984	Georgiana Ommanney	gommanneyrb	gommanneyrb@ucla.edu	cC8+FjjqsIy
985	Candra Garlette	cgarletterc	cgarletterc@addthis.com	"tG3""_EX,#y"
986	Cornie Thiese	cthieserd	cthieserd@homestead.com	oH4.RmJMnsKewq
987	Crysta Boord	cboordre	cboordre@indiegogo.com	sJ6~u#SGLIRQ!
988	Bearnard Keoghane	bkeoghanerf	bkeoghanerf@ted.com	eD9'agBR3'}u?_
989	Karel Dick	kdickrg	kdickrg@dailymotion.com	jQ8<mi3QA
990	Rogerio Palumbo	rpalumborh	rpalumborh@harvard.edu	uL8{kXzPU
991	Martita Machent	mmachentri	mmachentri@etsy.com	tE2.hP0(cPl3KPl
992	Cory Tummons	ctummonsrj	ctummonsrj@discuz.net	"jG5""@=hDIG"
993	Ariel Haack	ahaackrk	ahaackrk@businessweek.com	vE8{aiS~5Mdfp
994	Frasier Mulrooney	fmulrooneyrl	fmulrooneyrl@geocities.jp	aX7<bLZ}7N
995	Mikaela Broadway	mbroadwayrm	mbroadwayrm@columbia.edu	sK5>.qG7!(j
996	Deck Smaling	dsmalingrn	dsmalingrn@ehow.com	"sD8%g<""'pJA"
997	Dolley Brandenberg	dbrandenbergro	dbrandenbergro@go.com	"jV9/<L@g=RqMQf"""
998	Lara Benedicte	lbenedicterp	lbenedicterp@biblegateway.com	tD6|D7{)$(*B_
999	Filmore Bibbie	fbibbierq	fbibbierq@storify.com	cC7'0DD\zuYE%
1000	Rupert Dust	rdustrr	rdustrr@mayoclinic.com	gZ2.rY\tM~Xx8\m
