id|email|nombre|nombre_usuario
1|jperez@example.com|Juan Pérez|jperez
2|agomez@example.com|Ana Gómez|agomez
3|lmartinez@example.com|Luis Martínez|lmartinez
4|mlopez@example.com|María López|mlopez
5|cruiz@example.com|Carlos Ruiz|cruiz
6|storres@example.com|Sofía Torres|storres
7|dhernandez@example.com|Diego Hernández|dhernandez
8|vcastro@example.com|Valeria Castro|vcastro
9|fvega@example.com|Fernando Vega|fvega
10|csantos@example.com|Camila Santos|csantos
21|gjarnell0@edublogs.org|gjarnell0|Gayle Jarnell
22|kpahler1@ucsd.edu|kpahler1|Kendal Pahler
23|growswell2@cdbaby.com|growswell2|Gualterio Rowswell
24|smccloughen3@ftc.gov|smccloughen3|Stinky McCloughen
25|cworsfold4@123-reg.co.uk|cworsfold4|Carr Worsfold
26|fgolley5@cloudflare.com|fgolley5|Franky Golley
27|dhuntress6@cmu.edu|dhuntress6|Dev Huntress
28|bscargill7@tiny.cc|bscargill7|Bev Scargill
29|ldennerley8@github.com|ldennerley8|Lilla Dennerley
30|kcharman9@yelp.com|kcharman9|Kara-lynn Charman
31|ddonawaya@list-manage.com|ddonawaya|Dody Donaway
32|pcarassb@prnewswire.com|pcarassb|Paulette Carass
33|bdockreec@comsenz.com|bdockreec|Bartholomeus Dockree
34|creisensteind@tiny.cc|creisensteind|Cristian Reisenstein
35|fyakoleve@auda.org.au|fyakoleve|Farris Yakolev
36|kprebblef@army.mil|kprebblef|Kit Prebble
37|gsilkg@icq.com|gsilkg|Giff Silk
38|lhousdenh@examiner.com|lhousdenh|Leonidas Housden
39|wlewisi@statcounter.com|wlewisi|Welch Lewis
40|ndesbrowj@php.net|ndesbrowj|Nelie Desbrow
121|mrosengarten0@skype.com|mrosengarten0|Mendy Rosengarten
122|rsavile1@infoseek.co.jp|rsavile1|Richie Savile
123|alemonby2@bizjournals.com|alemonby2|Ansel Lemonby
124|mnewhouse3@altervista.org|mnewhouse3|Malia Newhouse
125|akainz4@hc360.com|akainz4|Allistir Kainz
126|dferschke5@imageshack.us|dferschke5|Domingo Ferschke
127|tgolly6@psu.edu|tgolly6|Tessy Golly
128|jhanford7@biglobe.ne.jp|jhanford7|Johnny Hanford
129|jmckelvie8@salon.com|jmckelvie8|Jareb McKelvie
130|lfall9@jigsy.com|lfall9|Lanni Fall
131|fklaggemana@last.fm|fklaggemana|Foster Klaggeman
132|jbarrickb@jimdo.com|jbarrickb|Jodi Barrick
133|apennaccic@example.com|apennaccic|Agace Pennacci
134|lhitzked@slideshare.net|lhitzked|Liva Hitzke
135|gmaffine@woothemes.com|gmaffine|Gustaf Maffin
136|gheadingf@devhub.com|gheadingf|Giraud Heading
137|gvang@uiuc.edu|gvang|Gan Van den Oord
138|tstorrieh@scribd.com|tstorrieh|Toby Storrie
139|abraywoodi@51.la|abraywoodi|Addie Braywood
140|gramej@hostgator.com|gramej|Garland Rame
141|pklaes0@smh.com.au|pklaes0|Patrizius Klaes
142|eostrich1@ox.ac.uk|eostrich1|Ester Ostrich
143|lburdoun2@example.com|lburdoun2|Laurice Burdoun
144|mfitchen3@linkedin.com|mfitchen3|Michel Fitchen
145|djakubovits4@amazon.co.jp|djakubovits4|Donovan Jakubovits
146|jkleinholz5@amazon.co.jp|jkleinholz5|Johnathon Kleinholz
147|palfonso6@clickbank.net|palfonso6|Perice Alfonso
148|mgownge7@ibm.com|mgownge7|Marcelle Gownge
149|ljacqueme8@omniture.com|ljacqueme8|Leslie Jacqueme
150|jlyttle9@usda.gov|jlyttle9|Joelie Lyttle
151|mgaylarda@kickstarter.com|mgaylarda|Mathew Gaylard
152|pcleimentb@google.it|pcleimentb|Padriac Cleiment
153|jarborc@biblegateway.com|jarborc|Johannes Arbor
154|jproshd@gnu.org|jproshd|Jilly Prosh
155|badcocke@opensource.org|badcocke|Burt Adcock
156|mrapseyf@constantcontact.com|mrapseyf|Marv Rapsey
157|aalvaradog@unicef.org|aalvaradog|Atlanta Alvarado
158|nnelmh@hc360.com|nnelmh|Noble Nelm
159|vmurrowi@imageshack.us|vmurrowi|Virgie Murrow
160|cthomassenj@fc2.com|cthomassenj|Clemmie Thomassen
